Name,LCD,PLD,LFPD,cm3_g,ASA_A2,ASA_m2_cm3,ASA_m2_g,NASA_A2,NASA_m2_cm3,NASA_m2_g,AV_A3,AV_VF,AV_cm3_g,NAV_A3,NAV_VF,NAV_cm3_g,OMS,chemical_formula,total_atoms
ABUWOJ,5.07969,4.03039,4.98773,1.15833,781.908,1730.59,1494.04,0.0,0.0,0.0,205.124,0.0454,0.0391945,0.0,0.0,0.0,8.0,Zn16H56C96O56,224
ACOLIP,4.91034,3.57647,4.78103,1.04949,168.23,1101.08,1049.16,0.0,0.0,0.0,40.0299,0.0262,0.0249646,0.0,0.0,0.0,0.0,Zn2H38C44N10O8,102
ACUBAB,6.47918,4.30437,6.24909,2.30944,198.675,1224.36,530.156,0.0,0.0,0.0,102.553,0.0632,0.0273659,0.0,0.0,0.0,0.0,Zn16P12Cl2O48,78
AFITIT,7.3533,5.37116,7.3533,1.01683,592.26,1387.08,1364.11,0.0,0.0,0.0,373.185,0.0874,0.0859532,0.0,0.0,0.0,0.0,Zn6H96C138N6O24,270
AFOQUI,4.25157,3.00568,4.24901,1.62091,0.0,0.0,0.0,60.9103,293.346,180.977,0.0,0.0,0.0,8.30559,0.004,0.00246775,4.0,Zn10H28C52N24O24,138
AHINIP,5.10577,2.92366,4.88107,1.25642,0.0,0.0,0.0,106.419,349.514,278.181,0.0,0.0,0.0,27.4028,0.009,0.00716319,0.0,Zn4H104C112N24O16,260
AMILUE,11.39418,11.07263,11.39418,0.982365,593.545,1255.28,1277.81,0.0,0.0,0.0,976.886,0.2066,0.210309,0.0,0.0,0.0,2.0,Zn8H96C120N16O32,272
AMIMEP,11.21563,10.87494,11.21563,0.985981,592.7,1258.11,1275.99,0.0,0.0,0.0,985.551,0.2092,0.212174,0.0,0.0,0.0,2.0,Zn8H96C120N16O32,272
AMUCOB,4.03894,3.31743,4.03894,1.59335,13.8578,130.227,81.7319,0.0,0.0,0.0,2.12824,0.002,0.00125522,0.0,0.0,0.0,0.0,Ca6H36C30O24,96
ANUGUM,8.23346,6.98845,8.23346,0.68036,777.077,2440.88,3587.64,0.0,0.0,0.0,930.881,0.2924,0.429773,0.0,0.0,0.0,0.0,Zn4H26C58O20,108
APEBED,4.58202,3.62787,4.5574,1.65192,98.8612,521.942,315.961,0.0,0.0,0.0,17.4258,0.0092,0.00556928,0.0,0.0,0.0,4.0,Zn8H16C48S8O32,112
ASACON,6.40616,5.08657,6.3959,1.7783,291.045,981.634,552.006,0.0,0.0,0.0,177.894,0.06,0.03374,0.0,0.0,0.0,4.0,Zn16H16C80O72,184
ASALIP,4.03121,2.56819,3.64374,1.49984,0.0,0.0,0.0,18.772,183.848,122.579,0.0,0.0,0.0,2.65476,0.0026,0.00173352,4.0,Zn4H36C32N8O8,88
ATAFIK,6.40025,5.70377,6.3929,1.21508,874.534,2100.07,1728.34,0.0,0.0,0.0,600.495,0.1442,0.118676,0.0,0.0,0.0,8.0,Zn16H16C80O64,176
ATOWIQ,9.54888,7.69493,9.54568,0.866746,377.32,1767.49,2039.23,0.0,0.0,0.0,503.807,0.236,0.272283,0.0,0.0,0.0,0.0,Zn4H32C40N6O16,98
ATOWOW,9.60606,7.73922,9.60387,0.865497,380.781,1781.14,2057.93,0.0,0.0,0.0,507.527,0.2374,0.274293,0.0,0.0,0.0,0.0,Zn4H32C40N6O16,98
ATOXEN,4.55968,3.64615,4.5327,1.32471,74.6847,463.116,349.599,0.472271,2.92853,2.2107,11.2886,0.007,0.00528419,0.0,0.0,0.0,0.0,Zn4H40C56N4O16,120
AVIMOI,5.73292,4.38571,5.54624,1.22616,422.007,1164.05,949.35,0.0,0.0,0.0,165.315,0.0456,0.0371894,0.0,0.0,0.0,4.0,Zn8H72C120O40,240
AXOCEW,7.55963,5.38978,7.42723,1.12374,342.864,1273.13,1132.93,51.1414,189.899,168.988,295.162,0.1096,0.0975312,12.9268,0.0048,0.00427144,4.0,Zn4H32C68O16F24,144
AXUBAW,14.24572,5.52422,14.23389,0.741721,758.494,1805.53,2434.24,0.0,0.0,0.0,1190.55,0.2834,0.382084,0.0,0.0,0.0,0.0,Zn8H72C72O26,178
AYUWUM,4.54144,3.13863,4.54144,1.25983,0.0,0.0,0.0,140.313,538.192,427.194,0.0,0.0,0.0,28.1569,0.0108,0.00857259,4.0,Na6H62C60S14O38,180
AZIXUD,5.99991,4.88169,5.99991,1.10463,562.0,1858.05,1682.06,0.0,0.0,0.0,319.405,0.1056,0.0955976,0.0,0.0,0.0,4.0,Zn8H32C68O40,148
BARZAW,7.73839,2.55686,7.73839,1.4812,0.0,0.0,0.0,231.122,478.995,323.383,0.0,0.0,0.0,150.544,0.0312,0.021064,0.0,Zn12H132C204N12O48,408
BARZUR,5.4946,5.30289,5.4946,0.925783,459.569,1729.38,1868.02,0.0,0.0,0.0,171.138,0.0644,0.0695627,0.0,0.0,0.0,3.0,Zn3H60C60N36,159
BEGBOG,4.23611,2.57051,4.10647,0.976018,0.0,0.0,0.0,38.6068,283.476,290.441,0.0,0.0,0.0,7.08193,0.0052,0.00532777,0.0,Na4H36C24O24,88
BEKSAM,4.03474,3.3801,4.0216,2.89814,29.6586,340.327,117.429,0.0,0.0,0.0,3.83449,0.0044,0.00151822,0.0,0.0,0.0,0.0,Ga10P8O36,54
BENXOJ,4.11666,3.47483,4.11666,1.44846,180.403,616.087,425.34,0.852191,2.91029,2.00923,24.0112,0.0082,0.00566119,0.0,0.0,0.0,0.0,Zn12H72C80N16O32,212
BENXUP,4.10218,3.42336,4.09595,1.4733,92.721,644.158,437.222,0.0,0.0,0.0,14.3942,0.01,0.00678749,0.0,0.0,0.0,0.0,Zn6H36C40N8O16,106
BEPLUF,10.54661,10.45745,10.54661,0.882268,374.68,1356.51,1537.53,0.0,0.0,0.0,589.429,0.2134,0.241877,0.0,0.0,0.0,6.0,Zn6H66C54N12O12,150
BEPMAM,10.35764,10.23297,10.35764,0.893987,368.283,1351.06,1511.28,0.0,0.0,0.0,562.621,0.2064,0.230876,0.0,0.0,0.0,6.0,Zn6H66C54N12O12,150
BEPMEQ,10.23749,10.11334,10.23749,1.01266,316.902,1150.18,1135.8,0.0,0.0,0.0,504.207,0.183,0.180711,0.0,0.0,0.0,0.0,Zn6H66C54N12Cl6O12,156
BEPMIU,10.07029,9.95474,10.07029,1.02149,314.9,1152.88,1128.62,0.0,0.0,0.0,497.664,0.1822,0.178366,0.0,0.0,0.0,0.0,Zn6H66C54N12Cl6O12,156
BEPNIV,10.32219,10.19883,10.32219,0.893387,360.62,1327.54,1485.96,0.0,0.0,0.0,581.867,0.2142,0.239762,0.0,0.0,0.0,6.0,Zn6H60C54N12O12,144
BEPNOB,10.36311,10.23127,10.36311,0.890303,364.797,1338.28,1503.17,0.0,0.0,0.0,556.624,0.2042,0.22936,0.0,0.0,0.0,6.0,Zn6H60C54N12O12,144
BEPNUH,10.32563,10.2098,10.32563,1.16569,311.637,1123.64,963.926,0.0,0.0,0.0,508.654,0.1834,0.157332,0.0,0.0,0.0,0.0,Zn6H66C54Br6N12O12,156
BEPPAP,9.9082,9.78954,9.90791,1.03173,312.407,1155.21,1119.69,0.0,0.0,0.0,473.256,0.175,0.169618,0.0,0.0,0.0,0.0,Zn6H66C54N12Cl6O12,156
BEPPIX,9.77409,9.63706,9.77409,0.990438,348.493,1270.65,1282.92,0.0,0.0,0.0,477.767,0.1742,0.175882,0.0,0.0,0.0,6.0,Zn6H90C66N12O12,186
BEPPOD,10.03622,9.89092,10.03622,0.960732,362.494,1286.82,1339.42,0.0,0.0,0.0,505.366,0.1794,0.186733,0.0,0.0,0.0,6.0,Zn6H84C66N12O12,180
BERFIP,4.07847,2.71437,4.07847,1.95363,0.0,0.0,0.0,16.3246,156.8,80.2609,0.0,0.0,0.0,1.24933,0.0012,0.000614241,4.0,Zn6H16C28N16O16,82
BERGAI,5.28761,2.67572,5.28761,1.49712,0.0,0.0,0.0,232.847,569.174,380.18,0.0,0.0,0.0,81.001,0.0198,0.0132254,0.0,Zn16H80C96N64O32,288
BIBBUL,3.85878,3.31702,3.85878,1.32039,43.2119,163.346,123.71,0.0,0.0,0.0,3.17451,0.0012,0.00090882,0.0,0.0,0.0,0.0,Zn4H96C96N24O16,236
BICDAU,11.50132,6.68644,11.17198,0.65299,1244.49,2376.53,3639.46,0.0,0.0,0.0,2034.93,0.3886,0.595108,0.0,0.0,0.0,8.0,Zn10H36C72N36,154
BIYTEJ,6.55677,6.40414,6.53551,1.38595,220.188,1095.7,790.58,0.0,0.0,0.0,178.85,0.089,0.0642158,0.0,0.0,0.0,0.0,Zn6H12C36N60,114
BOLPEY,7.16659,5.73903,7.16659,0.890275,856.446,2082.49,2339.16,0.0,0.0,0.0,751.784,0.1828,0.20533,0.0,0.0,0.0,4.0,Zn8Si4H64C88O28,192
BOMCUB,2.92768,2.6766,2.92768,1.9232,0.0,0.0,0.0,0.0,0.0,0.0,0.0,0.0,0.0,0.0,0.0,0.0,0.0,In3H12C12N3O24,54
BONWAD,3.83514,2.72512,3.83347,1.91868,0.0,0.0,0.0,19.1935,147.891,77.0798,0.0,0.0,0.0,2.33606,0.0018,0.000938147,4.0,Zn8H16C32O36,92
BONWIL,3.70731,2.93141,3.70731,1.7315,0.0,0.0,0.0,24.4046,115.861,66.914,0.0,0.0,0.0,1.68509,0.0008,0.000462028,0.0,Zn8H56C72N8O40,184
BOWQAG,3.49003,3.13948,3.48099,1.46384,0.0,0.0,0.0,8.27019,42.02,28.7054,0.0,0.0,0.0,0.0,0.0,0.0,0.0,Zn4H48C72N40,164
BUKMUQ,5.78794,5.06217,5.71305,0.851411,521.93,2902.57,3409.13,0.0,0.0,0.0,308.205,0.1714,0.201313,0.0,0.0,0.0,4.0,Zn4H12C28N4O16,64
BUVXOG,6.82532,5.20994,6.82532,1.26745,150.394,764.807,603.424,0.0,0.0,0.0,99.8944,0.0508,0.0400806,0.0,0.0,0.0,0.0,Fe3H48C72N30,153
BUVYEX,7.01349,5.55881,7.01349,1.21167,320.071,778.025,642.11,0.0,0.0,0.0,218.036,0.053,0.0437413,0.0,0.0,0.0,0.0,Fe6H96C144N60,306
BUVYIB,10.88108,8.55613,10.68061,0.702067,789.01,2222.57,3165.74,0.0,0.0,0.0,705.74,0.1988,0.283164,0.0,0.0,0.0,0.0,Fe3H48C72N30,153
CADPII,5.8333,5.0586,5.8333,2.03698,55.3111,304.061,149.27,0.0,0.0,0.0,29.8329,0.0164,0.00805112,0.0,0.0,0.0,0.0,Zn12H30C54O48,144
CAHSOU,4.04164,2.77879,4.03629,2.29425,0.0,0.0,0.0,59.9498,203.01,88.4863,0.0,0.0,0.0,9.44977,0.0032,0.00139479,0.0,Fe20P28O112F16,176
CANRUG,6.57321,4.9271,6.57235,0.884567,783.759,1832.33,2071.45,0.0,0.0,0.0,388.386,0.0908,0.102649,0.0,0.0,0.0,0.0,Ca6Si4H68C112O32,222
CATART03,3.52552,2.45245,3.51752,1.33329,0.0,0.0,0.0,5.46029,58.2548,43.6925,0.0,0.0,0.0,0.0,0.0,0.0,0.0,Ca4H16C16O24,60
CAWVIH,6.48494,4.72476,6.48494,1.23903,353.389,879.65,709.953,0.0,0.0,0.0,178.372,0.0444,0.0358346,0.0,0.0,0.0,0.0,Zn8H96C156N4O28,292
CAXVII,11.60285,10.81428,11.60285,1.12398,212.768,1569.91,1396.74,0.0,0.0,0.0,398.183,0.2938,0.261392,0.0,0.0,0.0,6.0,Fe6H6C24O18,54
CAXVOO,11.61534,10.81876,11.61534,1.12075,214.688,1579.52,1409.34,0.0,0.0,0.0,399.876,0.2942,0.262503,0.0,0.0,0.0,6.0,Fe6H6C24O18,54
CAXVUU,11.30563,10.52948,11.30563,1.14718,212.74,1602.1,1396.56,0.0,0.0,0.0,378.713,0.2852,0.24861,0.0,0.0,0.0,6.0,Fe6H6C24O18,54
CAXWAB,11.48359,10.74561,11.48359,1.14506,198.992,1495.8,1306.3,0.0,0.0,0.0,385.532,0.2898,0.253087,0.0,0.0,0.0,6.0,Fe6H6C24O18,54
CAXWEF,11.4836,10.80822,11.4836,1.14451,209.389,1573.19,1374.56,0.0,0.0,0.0,388.114,0.2916,0.254782,0.0,0.0,0.0,6.0,Fe6H6C24O18,54
CAXWIJ,11.51921,10.74275,11.51921,1.143,203.204,1524.72,1333.96,0.0,0.0,0.0,389.424,0.2922,0.255642,0.0,0.0,0.0,6.0,Fe6H6C24O18,54
CEGWER,4.43901,3.87534,4.42525,1.46079,95.8083,683.694,468.029,0.0,0.0,0.0,23.2621,0.0166,0.0113637,0.0,0.0,0.0,4.0,Ca4P4H36C28O36,108
CELZIE,5.88328,2.63187,5.88328,1.27297,0.0,0.0,0.0,136.163,564.658,443.576,0.0,0.0,0.0,63.1795,0.0262,0.0205818,0.0,Al8C72O48,128
CELZOK,5.99211,2.42162,5.85407,1.21514,0.0,0.0,0.0,305.998,650.705,535.497,0.0,0.0,0.0,133.552,0.0284,0.0233717,0.0,Al16C144O80,240
CISMAT01,4.08571,2.53592,3.61635,1.54817,0.0,0.0,0.0,18.0644,282.634,182.561,0.0,0.0,0.0,2.42875,0.0038,0.00245452,2.0,Al4P4C8O12F4,32
COF-1,4.20219,3.07491,4.18658,0.909019,0.0,0.0,0.0,81.6971,574.618,632.129,0.0,0.0,0.0,8.24623,0.0058,0.0063805,0.0,B12H24C36O12,84
COF-300,9.36652,9.26615,9.36652,0.545319,722.564,2057.29,3772.64,0.141447,0.40273,0.738522,875.244,0.2492,0.456981,0.0,0.0,0.0,0.0,H56C82N8,146
COF-5,23.90591,23.68286,23.90591,0.58107,267.188,1005.73,1730.82,0.0,0.0,0.0,1303.89,0.4908,0.844649,0.0,0.0,0.0,0.0,B6H24C54O12,96
COGWEB,6.3699,5.6966,6.31173,0.922041,749.132,1926.42,2089.31,0.0,0.0,0.0,487.645,0.1254,0.136003,0.0,0.0,0.0,0.0,Zn4H56C112N8O24,204
COMDOY,6.12061,5.53928,6.10846,1.22694,104.144,1533.8,1250.11,0.0,0.0,0.0,63.961,0.0942,0.0767766,0.0,0.0,0.0,0.0,Ga2H10C16O10,38
CUNXIS,4.73091,2.77205,4.5381,1.90489,0.0,0.0,0.0,88.2725,662.96,348.031,0.0,0.0,0.0,23.7005,0.0178,0.00934438,0.0,Al12P12O52,76
CUNXIS10,4.73091,2.77205,4.5381,1.90489,0.0,0.0,0.0,88.2725,662.96,348.031,0.0,0.0,0.0,23.7005,0.0178,0.00934438,0.0,Al12P12O52,76
CUTKOS,5.45963,4.13818,5.45497,1.18663,303.104,898.632,757.295,0.0,0.0,0.0,106.585,0.0316,0.02663,0.0,0.0,0.0,0.0,Zn6H80C120N8O24,238
CUYHIO,3.56239,3.1474,3.55286,1.31327,0.0,0.0,0.0,11.1208,49.9964,38.0703,0.0,0.0,0.0,0.0,0.0,0.0,0.0,Zn4H72C88N8O16,188
CUYQIX,3.73047,3.14077,3.73047,1.30964,0.0,0.0,0.0,20.7818,151.888,115.977,0.0,0.0,0.0,1.36823,0.001,0.000763571,1.0,Zn3H50C44N8O12,117
CUYVOI,4.52428,2.63151,4.51986,1.42517,0.0,0.0,0.0,112.687,337.078,236.517,0.0,0.0,0.0,18.7211,0.0056,0.00392935,0.0,Zn8H88C108N32O32,268
DAXGUG,4.36758,2.49532,4.36758,1.24446,0.0,0.0,0.0,82.16,844.383,678.516,0.0,0.0,0.0,17.5143,0.018,0.0144642,0.0,Zn2H14C30O14,60
DAXHIV,7.62222,6.92477,7.62222,0.882059,359.295,2139.42,2425.48,0.0,0.0,0.0,302.629,0.1802,0.204295,0.0,0.0,0.0,2.0,Fe3H12C26N24O4,69
DAXHIV01,7.67683,6.96811,7.67683,0.883035,353.531,2107.42,2386.57,0.0,0.0,0.0,301.288,0.1796,0.203389,0.0,0.0,0.0,2.0,Fe3H12C26N24O4,69
DAXHUH,7.50015,6.78537,7.34465,0.876532,368.14,2178.35,2485.19,0.0,0.0,0.0,304.875,0.1804,0.205811,0.0,0.0,0.0,2.0,Fe3H12C26N24O4,69
DAXHUH01,7.57949,6.81104,7.5728,0.890235,368.131,2212.35,2485.13,0.0,0.0,0.0,308.835,0.1856,0.208484,0.0,0.0,0.0,2.0,Fe3H12C26N24O4,69
DAXKOE,4.47299,2.92632,4.45124,1.46205,0.0,0.0,0.0,54.2766,534.548,365.615,0.0,0.0,0.0,11.1691,0.011,0.00752366,0.0,In2H8C24N8O16,58
DAXNOG,5.56922,5.12652,5.56922,1.2732,79.8701,1334.16,1047.88,0.0,0.0,0.0,40.2296,0.0672,0.0527804,0.0,0.0,0.0,2.0,Zn2H8C16O8,34
DEBGIA,4.22344,3.46939,4.21901,1.31115,212.564,704.912,537.631,0.0,0.0,0.0,33.1701,0.011,0.00838961,0.0,0.0,0.0,8.0,Zn8H64C80S4N32O16,204
DEBNUU,3.22117,2.60916,3.14393,1.73731,0.0,0.0,0.0,0.0,0.0,0.0,0.0,0.0,0.0,0.0,0.0,0.0,5.0,Al6P4C12O26,48
DEJCEB,4.6846,2.81125,4.66897,1.28345,0.0,0.0,0.0,574.815,1028.26,801.167,0.0,0.0,0.0,141.99,0.0254,0.0197903,8.0,Zn16H88C152N24O64,344
DEPXAY,5.29628,3.94728,5.28006,1.07008,1236.34,2160.34,2018.87,0.0,0.0,0.0,409.758,0.0716,0.0669112,0.0,0.0,0.0,8.0,Zn16H48C112N16O64,256
DEYVUA,5.3557,4.43475,5.33937,0.961151,1074.2,2534.99,2637.45,0.0,0.0,0.0,358.491,0.0846,0.0880194,0.0,0.0,0.0,0.0,Zn8H56C104N8O32,208
DIDDOK,9.60031,8.17399,9.60031,0.525842,1361.56,2611.76,4966.82,0.0,0.0,0.0,1872.58,0.3592,0.683095,0.0,0.0,0.0,0.0,Zn4H52C80N4O20,160
DOGZIJ,5.26678,3.36062,5.26678,1.20751,87.8999,848.392,702.596,0.0,0.0,0.0,37.506,0.0362,0.0299791,0.0,0.0,0.0,0.0,Zn2H30C34N4O8,78
DONNAW01,6.92645,6.40923,6.92645,1.16046,109.552,1532.19,1320.33,0.0,0.0,0.0,88.2311,0.1234,0.106337,0.0,0.0,0.0,0.0,Ga2H8C16O10,36
DORDUK,4.54334,4.12792,4.50084,1.17273,187.84,755.376,644.117,0.0,0.0,0.0,57.6917,0.0232,0.0197829,0.0,0.0,0.0,0.0,In3H120C72N3O24,222
DOTTUC,4.62986,4.25621,4.62986,1.14726,225.143,885.719,772.031,0.0,0.0,0.0,71.6823,0.0282,0.0245804,0.0,0.0,0.0,0.0,In3H120C72N3O24,222
DUBWON,5.41735,4.7264,5.40719,1.2729,342.64,1850.17,1453.51,0.0,0.0,0.0,161.489,0.0872,0.0685051,0.0,0.0,0.0,8.0,Zn8H16C36O28,88
EBIHII,6.77782,5.19916,6.76838,1.13174,557.974,1866.6,1649.32,0.0,0.0,0.0,393.983,0.1318,0.116458,0.0,0.0,0.0,4.0,Fe10H30C62O44,146
EBOTOF,3.863,2.42708,3.62414,1.67322,0.0,0.0,0.0,13.277,116.971,69.9076,0.0,0.0,0.0,2.04312,0.0018,0.00107577,4.0,Al8P8C12O24F8,60
ECAHAT,12.33039,11.4865,12.33039,0.854274,330.378,1045.44,1223.78,28.2164,89.2878,104.519,640.881,0.2028,0.237394,8.84846,0.0028,0.00327764,0.0,Zn3H72C90N6O12,183
ECASAD,4.09039,3.62411,4.09039,1.61904,49.2021,500.836,309.341,0.0,0.0,0.0,5.8944,0.006,0.0037059,0.0,0.0,0.0,0.0,Zn4P4H20C20N4O16,68
ECIWUJ,3.25413,2.62453,3.25413,1.49231,0.0,0.0,0.0,0.0,0.0,0.0,0.0,0.0,0.0,0.0,0.0,0.0,0.0,Zn2H16C26N2O8,54
ECUTON,3.86672,2.51427,3.85141,1.4678,0.0,0.0,0.0,15.4938,78.7578,53.6571,0.0,0.0,0.0,1.57381,0.0008,0.000545034,0.0,Zn4H60C64N28O16,172
EDADIX,4.63332,3.88728,4.61559,1.24361,155.43,946.068,760.745,17.516,106.616,85.7316,35.4867,0.0216,0.0173688,2.30007,0.0014,0.00112576,0.0,Zn4H32C52N4O16,108
EDUSIF,15.05124,7.91583,15.05124,0.593338,951.594,2208.19,3721.64,0.0,0.0,0.0,1909.06,0.443,0.746624,0.0,0.0,0.0,0.0,Zn8H24C48O26,106
EGEJIK,10.26084,8.70015,10.22633,0.680562,1035.15,2125.08,3122.53,38.8399,79.735,117.16,1442.83,0.2962,0.435229,4.87113,0.001,0.00146937,0.0,Zn8H48C84O26,166
EGELUY,7.34075,6.87675,7.34075,0.949281,240.912,1656.49,1744.99,0.0,0.0,0.0,219.026,0.1506,0.158646,0.0,0.0,0.0,0.0,Al4H19C32O20,75
EGELUY01,7.46021,7.04888,7.46021,0.943692,119.179,1627.3,1724.4,0.0,0.0,0.0,115.568,0.1578,0.167216,0.0,0.0,0.0,0.0,Al2H10C16O10,38
EHALOP,7.55323,7.08668,7.55323,0.941006,124.671,1697.45,1803.87,0.0,0.0,0.0,119.57,0.1628,0.173006,0.0,0.0,0.0,0.0,Al2H10C16O10,38
EMITUQ,7.79889,5.62107,7.77313,0.974534,1024.07,1685.38,1729.43,0.0,0.0,0.0,896.842,0.1476,0.151457,0.0,0.0,0.0,0.0,Zn8H80C152S8N8O48,304
EMIVAY,4.88617,3.76872,4.88617,1.16854,261.232,823.762,704.951,0.0,0.0,0.0,58.9844,0.0186,0.0159173,0.0,0.0,0.0,0.0,Zn4H80C96S4N16O24,224
ESEVIH,6.88268,6.30555,6.87572,1.51625,393.965,1267.01,835.617,0.0,0.0,0.0,347.633,0.1118,0.0737345,0.0,0.0,0.0,0.0,Zn16H32C72O56,176
EXEWAG,7.6405,5.6975,7.15286,1.06728,415.098,1588.92,1488.76,0.0,0.0,0.0,349.023,0.1336,0.125178,0.0,0.0,0.0,0.0,Zn4H32C68S8N4O16,132
EZUCIM,5.27092,4.42324,5.21472,1.00292,446.437,1784.83,1779.64,0.0,0.0,0.0,155.579,0.0622,0.062019,0.0,0.0,0.0,0.0,Zn4H48C60N16O16,144
FABFOF,4.1265,2.90027,4.1265,1.19882,0.0,0.0,0.0,32.9242,338.032,281.971,0.0,0.0,0.0,4.67518,0.0048,0.00400394,0.0,Zn2H20C20N4O16,62
FAFJIH,3.61922,2.55624,3.29431,1.46943,0.0,0.0,0.0,7.96818,32.6267,22.2037,0.0,0.0,0.0,0.488445,0.0002,0.000136107,0.0,Zn6B4H60C80N32O16,198
FAGREM,7.38233,6.89343,7.38233,1.46524,466.259,1449.06,988.956,0.0,0.0,0.0,443.395,0.1378,0.0940462,0.0,0.0,0.0,8.0,Zn16H32C72O56,176
FANWOI,9.82419,8.59361,9.82419,0.99576,723.733,1266.79,1272.19,0.0,0.0,0.0,952.946,0.1668,0.16751,0.0,0.0,0.0,0.0,Zn8H108C156N36O26,334
FAQVEA,4.28187,3.21093,4.24486,1.46606,0.0,0.0,0.0,40.9948,334.423,228.111,0.0,0.0,0.0,3.18718,0.0026,0.00177346,0.0,Zn4H28C32N20O8,92
FASQUN,5.13227,3.03904,5.02083,1.52422,0.0,0.0,0.0,154.547,484.408,317.807,0.0,0.0,0.0,38.2853,0.012,0.00787288,4.0,Zn8H48C102O28F36,222
FAYKOH,9.05094,5.94395,8.47293,0.834868,953.527,2363.5,2830.99,0.0,0.0,0.0,870.62,0.2158,0.258484,0.0,0.0,0.0,0.0,In4H40C74O40,158
FECKAA,5.55107,3.97584,5.38531,0.97764,443.461,1047.62,1071.58,30.8573,72.8961,74.5633,157.47,0.0372,0.0380508,11.8525,0.0028,0.00286404,0.0,Zn4H90C144Cl3O19,260
FECWOB,4.21201,3.09318,4.21122,1.57828,0.0,0.0,0.0,91.1858,427.301,270.738,0.0,0.0,0.0,8.10918,0.0038,0.00240768,0.0,Zn8H32C64N32O16,152
FECWOB01,4.17085,3.04516,4.16561,1.57835,0.0,0.0,0.0,48.2417,452.143,286.466,0.0,0.0,0.0,8.96243,0.0084,0.00532203,0.0,Zn4H16C32N16O8,76
FECZAQ,8.50021,5.35603,8.50021,0.984083,1143.03,2001.74,2034.12,0.0,0.0,0.0,817.699,0.1432,0.145516,0.0,0.0,0.0,0.0,Zn16H64C120O52,252
FEFCUQ,8.87571,6.35025,8.74283,0.77796,689.076,2103.42,2703.76,0.0,0.0,0.0,764.614,0.2334,0.300015,0.0,0.0,0.0,0.0,Zn4H48C76N4O16,148
FEFDAX,7.78612,6.37885,7.6796,0.828568,660.377,2135.95,2577.88,0.0,0.0,0.0,643.079,0.208,0.251035,0.0,0.0,0.0,0.0,Zn4H40C68N12O16,140
FEFDEB,13.1087,11.60778,13.1087,0.53928,470.508,2112.34,3916.96,0.0,0.0,0.0,884.289,0.397,0.736167,0.0,0.0,0.0,0.0,Zn2H28C34N2O8,74
FEHCOM,7.38822,6.74911,7.38822,0.954238,629.756,1617.82,1695.41,0.0,0.0,0.0,566.765,0.1456,0.152583,0.0,0.0,0.0,0.0,Zn8H80C96N16O16,216
FERHAN,10.23981,6.40536,10.23981,0.784123,920.671,1844.73,2352.6,57.235,114.681,146.253,1279.65,0.2564,0.326989,28.9467,0.0058,0.00739679,0.0,Zn8H72C96O38,214
FIJCUX,7.05898,5.83044,7.05683,1.26326,689.88,1566.42,1239.98,0.0,0.0,0.0,571.664,0.1298,0.10275,0.0,0.0,0.0,0.0,Zn18H60C96O60,234
FIJCUX01,7.34002,6.13055,7.33722,1.22326,722.179,1587.83,1298.04,0.0,0.0,0.0,656.761,0.1444,0.118045,0.0,0.0,0.0,0.0,Zn18H60C96O60,234
FIPWOS,5.20561,3.82141,5.20561,1.29023,62.7405,841.631,652.312,0.0,0.0,0.0,16.102,0.0216,0.0167412,0.0,0.0,0.0,0.0,Zn2H24C18N8O6,58
FIPWUY,4.7784,4.24794,4.7784,1.32324,64.5275,887.754,670.892,0.0,0.0,0.0,22.6781,0.0312,0.0235784,0.0,0.0,0.0,0.0,Zn2H24C18N8O6,58
FIPXEJ,4.43579,3.68809,4.4295,1.35731,66.6437,470.237,346.447,23.0862,162.896,120.014,7.93653,0.0056,0.0041258,2.83447,0.002,0.0014735,0.0,Zn4H48C36N16O12,116
FIQYOU,4.72303,3.65899,4.72303,1.75011,119.562,719.841,411.311,0.0,0.0,0.0,33.5512,0.0202,0.0115421,0.0,0.0,0.0,0.0,Fe12H24C24O48,108
FIRVEH,4.11749,3.26577,4.11749,1.42039,0.0,0.0,0.0,36.6445,515.14,362.676,0.0,0.0,0.0,4.97945,0.007,0.00492824,0.0,Ca4C16O16,36
FIVYUF,4.68091,3.50866,4.67789,1.41648,126.436,451.593,318.813,0.0,0.0,0.0,29.1176,0.0104,0.00734214,0.0,0.0,0.0,0.0,Sn6H126C90N6O24,252
FUDQIF,4.3814,3.86214,4.38008,1.57387,21.1781,545.984,346.905,0.0,0.0,0.0,4.03405,0.0104,0.00660792,0.0,0.0,0.0,0.0,Zn1Si1H8C8N4F6,28
FUFREE,3.74304,3.09275,3.73558,1.50896,0.0,0.0,0.0,15.546,123.052,81.5471,0.0,0.0,0.0,1.0107,0.0008,0.000530165,4.0,Fe4H20C40N12O16,92
FUNBAS,6.30412,4.59254,6.30412,1.11042,319.288,1268.66,1142.51,0.0,0.0,0.0,166.607,0.0662,0.0596173,0.0,0.0,0.0,0.0,Zn4H52C88N4O16,164
FUNBEW,11.16014,9.18662,11.10962,0.668714,538.696,2170.96,3246.47,0.0,0.0,0.0,836.222,0.337,0.503953,0.0,0.0,0.0,0.0,Zn2H24C44Br2N2O8,82
FUNBIA,7.93212,6.3165,7.93212,0.99492,414.157,1426.95,1434.24,0.0,0.0,0.0,392.984,0.1354,0.136091,0.0,0.0,0.0,0.0,Zn4H52C88N8O16,168
FUNBOG,12.59077,11.01228,12.59019,0.581592,606.422,2067.54,3554.96,0.0,0.0,0.0,1163.25,0.3966,0.681921,0.0,0.0,0.0,0.0,Zn2H24C44Br2N4O8,84
FUNCAT,9.48773,8.77545,9.48773,0.930198,485.361,1475.21,1585.91,0.0,0.0,0.0,631.046,0.1918,0.206193,0.0,0.0,0.0,0.0,Zn4H52C92N12O16,176
FUNCEX,13.21557,12.47689,13.21557,0.543761,646.382,1961.09,3606.53,0.0,0.0,0.0,1428.5,0.4334,0.797041,0.0,0.0,0.0,0.0,Zn2H24C46Br2N6O8,88
FUTDII,10.10625,8.60837,10.10625,0.871633,543.364,1548.1,1776.09,0.0,0.0,0.0,830.439,0.2366,0.271445,0.0,0.0,0.0,6.0,Fe6H42C90O24,162
FUTKEL,6.7221,5.39444,6.71379,0.983709,526.626,1612.05,1638.75,0.0,0.0,0.0,352.816,0.108,0.109789,0.0,0.0,0.0,0.0,Zn4H64C108N4O16,196
FUWXOL,4.76594,4.4337,4.73028,1.4921,150.367,1267.38,849.393,0.0,0.0,0.0,55.5255,0.0468,0.0313653,0.0,0.0,0.0,0.0,Zn4H4C20N40,68
GACPUX,5.9525,3.77259,5.85811,1.02185,556.229,1642.06,1606.94,0.0,0.0,0.0,252.022,0.0744,0.0728091,0.0,0.0,0.0,4.0,Zn8H56C88O28,180
GACQAE,8.56972,8.26373,8.56972,0.874357,765.398,2035.09,2327.53,0.0,0.0,0.0,906.401,0.241,0.275631,0.0,0.0,0.0,4.0,Zn8H48C80O28,164
GALCAZ,7.51924,6.97754,7.50411,1.17363,502.106,1190.3,1014.2,0.0,0.0,0.0,492.7,0.1168,0.0995201,0.0,0.0,0.0,0.0,Zn8H88C132N24O28,280
GAXVUY,6.10604,3.07582,5.9657,1.07253,0.0,0.0,0.0,377.011,1403.67,1308.75,0.0,0.0,0.0,206.814,0.077,0.0717928,4.0,Ca4Zn4H32C64O32,136
GAYFOD,5.97544,5.52117,5.96891,1.15207,87.4988,1536.73,1333.89,0.0,0.0,0.0,54.4329,0.0956,0.0829814,0.0,0.0,0.0,0.0,Zn2H8C12N8,30
GEDLIM,7.1997,3.30533,7.1962,1.13684,0.0,0.0,0.0,268.98,979.983,862.026,0.0,0.0,0.0,162.489,0.0592,0.0520743,0.0,Zn4H64C80N24O16,188
GEGSIW,7.85804,2.85449,7.85804,1.08118,0.0,0.0,0.0,399.877,1204.32,1113.89,0.0,0.0,0.0,375.864,0.1132,0.1047,0.0,Ca8H32C80N24O32,176
GEHSAN,4.21897,2.65292,4.13931,1.49275,0.0,0.0,0.0,22.5119,216.058,144.738,0.0,0.0,0.0,3.75098,0.0036,0.00241165,0.0,Ca4Fe2H32C24N20O4,86
GELJAJ,4.01632,2.59819,4.00607,1.41565,0.0,0.0,0.0,80.1184,237.347,167.659,0.0,0.0,0.0,10.8019,0.0032,0.00226045,0.0,Zn8H112C104S8N16O32,280
GERNOI,6.93892,3.80818,6.45255,1.05982,671.806,1290.22,1217.39,0.0,0.0,0.0,351.987,0.0676,0.0637842,0.0,0.0,0.0,0.0,Zn6H136C152N28O36,358
GIDKOU,4.78674,3.41448,4.67256,1.74547,253.949,708.993,406.19,0.0,0.0,0.0,65.1893,0.0182,0.010427,0.0,0.0,0.0,12.0,Zn20H24C80N32O64,220
GIHBII,4.5778,2.7831,4.5778,2.52371,0.0,0.0,0.0,72.8649,542.765,215.066,0.0,0.0,0.0,15.0357,0.0112,0.00443792,0.0,Ga12P12O52,76
GIMVAA,3.80885,2.6465,3.67034,1.67581,0.0,0.0,0.0,37.3242,281.137,167.762,0.0,0.0,0.0,2.92076,0.0022,0.0013128,4.0,Zn8H24C24N36,92
GINLIA,6.39385,4.60431,6.39349,0.877136,723.764,2209.11,2518.55,0.0,0.0,0.0,367.597,0.1122,0.127916,0.0,0.0,0.0,2.0,Zn4H46C80Cl4O20,154
GITWIQ,5.04878,3.98781,4.84113,1.55276,305.077,985.321,634.561,0.0,0.0,0.0,84.2172,0.0272,0.0175172,0.0,0.0,0.0,0.0,Zn10H40C60N60O40,210
GIYTIS,6.15959,5.08946,6.14209,0.959578,297.259,2150.77,2241.38,0.0,0.0,0.0,204.551,0.148,0.154235,0.0,0.0,0.0,0.0,Zn3H22C30N2O12,69
GIZJOP,5.3179,2.78115,5.29436,1.18697,0.0,0.0,0.0,336.952,754.442,635.604,0.0,0.0,0.0,117.016,0.0262,0.0220731,0.0,Zn16H96C96N64,272
GOGWAB,4.95936,4.07145,4.95936,1.0628,225.99,2080.27,1957.35,0.0,0.0,0.0,87.3428,0.0804,0.0756495,0.0,0.0,0.0,2.0,Zn2H4C16S4N8O8,42
GOMRAC,5.32693,3.3664,5.31891,1.77612,114.349,835.769,470.558,0.0,0.0,0.0,49.802,0.0364,0.0204941,0.0,0.0,0.0,0.0,Al12P12O48,72
GOMREG,5.3838,3.6396,5.37584,1.73424,127.865,912.518,526.179,0.0,0.0,0.0,58.2914,0.0416,0.0239875,0.0,0.0,0.0,0.0,Al12P12O48,72
GULPIN,4.24475,3.50387,4.19004,1.39734,132.752,607.519,434.77,0.0,0.0,0.0,16.17,0.0074,0.00529579,0.0,0.0,0.0,0.0,Zn4H44C78N8O16F12,162
GUQTOB,3.95311,3.16468,3.95311,2.71399,0.0,0.0,0.0,18.5022,351.531,129.526,0.0,0.0,0.0,2.31586,0.0044,0.00162123,0.0,Zn6P4C2O20,32
GUXLIU,3.7664,2.40014,3.56743,1.89462,0.0,0.0,0.0,3.71059,76.1568,40.1964,0.0,0.0,0.0,0.292338,0.0006,0.000316687,2.0,Al4P4H8C4O12F4,36
GUYLOC,6.83776,5.60205,6.83653,1.06721,428.401,1739.26,1629.73,0.0,0.0,0.0,269.465,0.1094,0.10251,0.0,0.0,0.0,0.0,Zn4H32C60S8N4O16,124
GUYLUI,4.74374,3.84472,4.72455,1.5356,94.0841,549.615,357.917,0.0,0.0,0.0,18.83,0.011,0.00716335,0.0,0.0,0.0,0.0,Zn4H32C60S8N4O16,124
GUYLUI01,4.78396,3.88146,4.64671,1.51729,91.1742,526.266,346.847,0.0,0.0,0.0,20.7897,0.012,0.00790885,0.0,0.0,0.0,0.0,Zn4H32C60S8N4O16,124
GUYMAP,7.04894,5.20916,7.04894,1.07662,407.882,1670.57,1551.67,0.0,0.0,0.0,296.896,0.1216,0.112946,0.0,0.0,0.0,0.0,Zn4H32C60S8N4O16,124
HABRIN,3.86703,2.43469,3.5403,1.47217,0.0,0.0,0.0,18.6009,76.1635,51.7356,0.0,0.0,0.0,3.41912,0.0014,0.000950977,2.0,Zn6B4H64C80N32O16,202
HAFQOW,7.39305,6.93116,7.36894,0.945179,253.195,1731.32,1831.74,0.0,0.0,0.0,238.962,0.1634,0.172877,0.0,0.0,0.0,0.0,Al4H20C32O20,76
HAFQUC,6.71368,5.31482,6.71368,0.922153,257.639,1718.79,1863.89,0.0,0.0,0.0,151.994,0.1014,0.10996,0.0,0.0,0.0,0.0,Al4H20C32O20,76
HAFVOB,5.59823,4.10574,5.59823,0.989877,1014.47,1645.42,1662.25,0.0,0.0,0.0,392.118,0.0636,0.0642504,0.0,0.0,0.0,0.0,Ca12P8H96C168O52,336
HAJLEK,5.8515,3.44987,5.65675,1.36069,73.8583,365.129,268.341,0.0,0.0,0.0,34.7922,0.0172,0.0126406,0.0,0.0,0.0,1.0,Fe3H84C66S6N30,189
HAJLIO,5.88281,3.51824,5.84321,1.36262,78.1089,386.69,283.784,0.0,0.0,0.0,37.1668,0.0184,0.0135034,0.0,0.0,0.0,0.0,Fe3H84C66S6N30,189
HAJLOU,5.88599,3.5289,5.88599,1.35798,79.0349,389.941,287.148,0.0,0.0,0.0,37.6993,0.0186,0.0136968,0.0,0.0,0.0,0.0,Fe3H84C66S6N30,189
HAJLUA,5.93834,3.59786,5.93834,1.34629,83.8986,410.374,304.819,0.0,0.0,0.0,39.2533,0.0192,0.0142614,0.0,0.0,0.0,0.0,Fe3H84C66S6N30,189
HAJMAH,5.95813,3.63496,5.95813,1.32826,83.0626,400.843,301.782,0.0,0.0,0.0,41.444,0.02,0.0150573,0.0,0.0,0.0,0.0,Fe3H84C66S6N30,189
HAJMEL,5.95786,3.62462,5.95786,1.33025,80.738,391.639,294.41,0.0,0.0,0.0,39.9939,0.0194,0.0145837,0.0,0.0,0.0,0.0,Fe3H78C66S6N30,183
HAKWUM,3.50559,2.63697,3.50084,2.2254,0.0,0.0,0.0,1.43209,52.808,23.7297,0.0,0.0,0.0,0.0,0.0,0.0,1.0,Ga2P2H4C2O6F2,18
HAMJOW,5.97637,5.66826,5.96867,0.916107,549.701,2168.56,2367.14,0.0,0.0,0.0,271.738,0.1072,0.117017,0.0,0.0,0.0,0.0,Zn4H32C56N8O20,120
HAXJEX,3.71072,3.23507,3.71072,1.69059,0.0,0.0,0.0,15.8264,76.5665,45.2897,0.0,0.0,0.0,1.24021,0.0006,0.000354905,0.0,Zn8H44C84N8O26,170
HEBTEP,4.72105,3.05363,4.71798,1.2672,0.0,0.0,0.0,121.717,830.625,655.48,0.0,0.0,0.0,25.2044,0.0172,0.0135732,4.0,Zn4H24C48O16,92
HEBZAR,7.80014,3.25092,7.7995,1.7151,0.0,0.0,0.0,552.11,1068.85,623.2,0.0,0.0,0.0,325.425,0.063,0.0367326,0.0,Zn18H54C90Br18N72O36,288
HEBZEV,7.75474,3.70807,7.48522,1.46085,633.091,1228.11,840.686,0.0,0.0,0.0,364.973,0.0708,0.048465,0.0,0.0,0.0,0.0,Zn18H54C90N72Cl18O36,288
HEDCEA,4.7556,2.92557,4.72634,1.27525,0.0,0.0,0.0,197.517,474.386,371.993,0.0,0.0,0.0,40.8037,0.0098,0.00768474,0.0,Zn8H96C152N8O40,304
HEGJUZ,6.22529,4.73915,6.22421,1.09032,861.704,1318.27,1209.06,0.0,0.0,0.0,530.776,0.0812,0.0744737,0.0,0.0,0.0,0.0,Zn12H128C208N8O48,404
HELCUY,3.75849,2.60112,3.74903,1.93847,0.0,0.0,0.0,19.253,104.495,53.9061,0.0,0.0,0.0,2.57946,0.0014,0.00072222,4.0,Zn10H48C48N12O44,162
HELDEJ,5.22361,3.40377,5.03124,1.39267,98.7529,595.345,427.484,0.0,0.0,0.0,25.8765,0.0156,0.0112015,0.0,0.0,0.0,2.0,Zn3H46C48N18O20,135
HENYUV,4.33819,2.97954,4.33146,1.54934,0.0,0.0,0.0,40.3176,409.804,264.502,0.0,0.0,0.0,6.69002,0.0068,0.00438896,0.0,Zn4H8C28N4O16,60
HESVOR,4.41466,3.00485,4.41466,1.54432,0.0,0.0,0.0,41.1503,416.912,269.965,0.0,0.0,0.0,6.31697,0.0064,0.00414422,0.0,Zn4H8C28N4O16,60
HEZKIH,4.70607,3.39261,4.68614,1.27975,180.359,639.863,499.989,87.5012,310.429,242.57,36.0796,0.0128,0.0100019,11.8386,0.0042,0.00328188,4.0,Zn8H48C80O40,176
HICVOG,4.78823,4.34338,4.74662,1.25646,359.663,1210.37,963.319,0.0,0.0,0.0,117.078,0.0394,0.031358,0.0,0.0,0.0,0.0,Zn8H36C76N28O24,172
HIDMEO,3.70259,2.55733,3.46033,1.52219,0.0,0.0,0.0,4.10846,32.4949,21.3474,0.0,0.0,0.0,0.505735,0.0004,0.000262779,3.0,Zn3H30C54N2O16,105
HIFGIO,12.5848,12.05657,12.5848,0.731183,349.057,1676.3,2292.58,0.0,0.0,0.0,665.506,0.3196,0.4371,0.0,0.0,0.0,0.0,Zn3H32C44O10,89
HIFGOU,5.85401,4.72992,5.85401,1.10411,113.45,693.409,628.026,29.9079,182.797,165.561,63.1545,0.0386,0.0349603,5.89005,0.0036,0.00326055,0.0,Zn2H52C60N4O8,126
HIFTOG,7.95891,4.14066,7.95891,1.16582,842.557,1920.8,1647.6,0.0,0.0,0.0,394.783,0.09,0.077199,0.0,0.0,0.0,0.0,Zn16H48C96O52,212
HIFTOG01,15.08334,7.94198,15.08218,0.584242,970.607,2217.78,3796.0,0.0,0.0,0.0,1932.65,0.4416,0.755851,0.0,0.0,0.0,0.0,Zn8H24C48O26,106
HIFTOG02,7.88297,4.15104,7.88297,1.15793,845.29,1913.99,1652.94,0.0,0.0,0.0,388.64,0.088,0.0759977,0.0,0.0,0.0,0.0,Zn16H48C96O52,212
HIFVOI,9.00136,6.57223,9.00136,0.85431,1324.98,2135.22,2499.35,0.0,0.0,0.0,1084.69,0.1748,0.20461,0.0,0.0,0.0,0.0,Zn16H96C96N64,272
HIFVUO,7.50154,5.9811,7.50154,0.819546,1372.04,2121.08,2588.12,0.0,0.0,0.0,1397.21,0.216,0.263561,0.0,0.0,0.0,0.0,Zn16H96C96N64,272
HIFWAV,6.82644,4.81311,6.7091,1.14185,780.818,1345.45,1178.31,0.0,0.0,0.0,502.575,0.0866,0.0758419,0.0,0.0,0.0,0.0,Zn20H120C120N80,340
HIHGOW,7.39427,4.75889,7.07554,0.915891,1302.07,1939.86,2118.0,0.0,0.0,0.0,875.271,0.1304,0.142375,0.0,0.0,0.0,0.0,Zn8H136C180N8O48,380
HIHJUF,5.86901,4.91033,5.86855,1.47566,230.078,739.128,500.878,12.4334,39.9424,27.0674,107.704,0.0346,0.0234471,1.8677,0.0006,0.000406597,0.0,Zn12H60C72N48O24,216
HIHNUJ,8.1478,7.9546,8.13907,0.812993,858.446,2382.42,2930.43,0.0,0.0,0.0,937.565,0.2602,0.320052,0.0,0.0,0.0,0.0,In4H24C64O32,124
HIMSAY,5.16871,3.64786,5.09887,0.985668,163.038,768.114,779.283,101.787,479.545,486.518,44.1495,0.0208,0.0211024,26.7444,0.0126,0.0127832,0.0,Zn2H32C68N20,122
HITXUE,3.70388,1.01318,2.91651,2.05834,0.0,0.0,0.0,7.07228,21.2377,10.3179,0.0,0.0,0.0,0.0,0.0,0.0,0.0,Al24P24C72N24O96,240
HIWLOO,4.60619,2.63453,4.4426,1.98702,0.0,0.0,0.0,53.4557,427.105,214.948,0.0,0.0,0.0,11.0139,0.0088,0.00442875,2.0,In4P6H24C30N6O24,94
HIWXER,3.22971,2.67895,3.21272,2.54951,0.0,0.0,0.0,0.0,0.0,0.0,0.0,0.0,0.0,0.0,0.0,0.0,0.0,Zn10H8C8N36O8,70
HIWXER01,3.24098,2.75057,3.24098,2.51869,0.0,0.0,0.0,0.0,0.0,0.0,0.0,0.0,0.0,0.0,0.0,0.0,0.0,Zn10C8N36O8,62
HOMZEP,8.52957,6.78202,8.52957,1.30479,691.906,1188.43,910.82,251.123,431.333,330.577,711.452,0.1222,0.093655,166.51,0.0286,0.0219193,12.0,Ga24H36C108O98,266
HOWPUF,7.93406,5.48339,7.91016,0.971712,745.975,2054.9,2114.72,0.0,0.0,0.0,707.894,0.195,0.200677,0.0,0.0,0.0,8.0,Zn8H48C68N16O32,172
HUTTIA,4.93965,2.94896,4.93965,1.29015,0.0,0.0,0.0,374.939,649.379,503.334,0.0,0.0,0.0,125.869,0.0218,0.0168972,0.0,Zn8H104C184N16O32F48,392
HUTZAX01,5.14597,3.91522,5.14597,1.41637,233.522,516.126,364.4,0.0,0.0,0.0,83.2512,0.0184,0.0129909,0.0,0.0,0.0,0.0,Zn12H96C168O60,336
HUTZEB,3.89243,2.46393,3.88968,1.37355,0.0,0.0,0.0,63.594,372.997,271.558,0.0,0.0,0.0,8.86573,0.0052,0.00378582,4.0,Na4Zn4H32C48O28,116
IBICAZ,9.97802,9.8426,9.97802,1.0723,301.471,1053.12,982.107,0.0,0.0,0.0,485.507,0.1696,0.158164,0.0,0.0,0.0,0.0,Zn6H90C66N12Cl6O12,192
IBICED,10.07018,9.94208,10.07018,1.22593,295.547,1031.51,841.413,0.0,0.0,0.0,481.924,0.1682,0.137202,0.0,0.0,0.0,0.0,Zn6H90C66Br6N12O12,192
IBICIH,9.99905,9.84285,9.99905,1.06849,302.926,1054.44,986.847,0.0,0.0,0.0,486.663,0.1694,0.158541,0.0,0.0,0.0,0.0,Zn6H90C66N12Cl6O12,192
IBICON,10.09823,9.93983,10.09823,1.22363,293.154,1021.24,834.601,0.0,0.0,0.0,486.849,0.1696,0.138604,0.0,0.0,0.0,0.0,Zn6H90C66Br6N12O12,192
IBICUT,10.14615,10.01365,10.14615,1.06845,308.893,1075.16,1006.29,0.0,0.0,0.0,495.878,0.1726,0.161543,0.0,0.0,0.0,0.0,Zn6H90C66N12Cl6O12,192
IBIDAA,10.20779,10.07678,10.20779,1.21075,303.054,1044.62,862.787,0.0,0.0,0.0,504.211,0.1738,0.143547,0.0,0.0,0.0,0.0,Zn6H90C66Br6N12O12,192
IBOTAU,6.68004,2.91754,6.68004,2.08909,0.0,0.0,0.0,98.8162,1209.85,579.13,0.0,0.0,0.0,68.9348,0.0844,0.0404005,0.0,Zn7P6O24,37
IBUYAH,4.28353,4.03476,4.28353,1.49492,93.2631,254.609,170.316,0.0,0.0,0.0,19.7801,0.0054,0.00361224,0.0,0.0,0.0,0.0,Zn8H92C148N28O32,308
ICAGAU,4.83585,2.54228,4.82605,2.02392,0.0,0.0,0.0,93.8042,712.97,352.271,0.0,0.0,0.0,25.2611,0.0192,0.00948653,0.0,Zn10P10O40,60
ICALOP,7.48996,6.00068,7.45144,0.796498,924.044,2435.0,3057.13,0.0,0.0,0.0,968.444,0.2552,0.320402,0.0,0.0,0.0,0.0,In4H32C68O32,136
IFENOY,7.29661,5.78947,7.29661,1.34939,98.282,540.083,400.241,0.0,0.0,0.0,67.695,0.0372,0.0275679,0.0,0.0,0.0,0.0,Zn4H48C72N8O12,144
IFENOY01,7.2447,5.77835,7.2447,1.33111,101.526,551.851,414.58,0.0,0.0,0.0,68.4378,0.0372,0.0279466,0.0,0.0,0.0,0.0,Zn4H44C72N8O12,140
IFENOY02,7.27251,5.76002,7.27251,1.32381,102.293,552.973,417.713,0.0,0.0,0.0,66.9652,0.0362,0.0273453,0.0,0.0,0.0,0.0,Zn4H44C72N8O12,140
IFEPUG,8.50415,8.15117,8.50415,1.34881,114.737,631.961,468.531,0.0,0.0,0.0,158.318,0.0872,0.0646494,0.0,0.0,0.0,0.0,Zn4H44C72N8O12,140
IFEQAN,8.4621,8.16286,8.4621,1.3489,119.774,659.743,489.098,0.0,0.0,0.0,153.225,0.0844,0.0625696,0.0,0.0,0.0,0.0,Zn4H44C72N8O12,140
IFEQIV,8.23002,7.90173,8.23002,1.3231,128.516,694.359,524.796,0.0,0.0,0.0,145.107,0.0784,0.0592547,0.0,0.0,0.0,0.0,Zn4H44C72N8O12,140
IGOCOX,12.1641,2.56229,12.1641,1.22663,0.0,0.0,0.0,390.987,1531.17,1248.27,0.0,0.0,0.0,522.45,0.2046,0.166799,2.0,Zn10H12C36N36Cl8,102
IJANAJ,4.15369,3.00882,4.14402,1.41576,0.0,0.0,0.0,40.3411,372.727,263.269,0.0,0.0,0.0,2.38111,0.0022,0.00155393,1.0,Zn3H22C38N4O12,79
IJANEN,4.00254,2.88482,4.00254,1.41537,0.0,0.0,0.0,76.2236,352.032,248.721,0.0,0.0,0.0,5.19659,0.0024,0.00169567,2.0,Zn6H44C76N8O24,158
IJEXUR,5.05755,2.858,5.05755,1.47624,0.0,0.0,0.0,93.4295,579.249,392.381,0.0,0.0,0.0,31.9363,0.0198,0.0134125,2.0,Zn5H34C46S2N12O18,117
ILOJEZ,4.06811,3.10596,4.05147,1.3886,0.0,0.0,0.0,67.9858,280.438,201.957,0.0,0.0,0.0,8.72739,0.0036,0.00259253,0.0,Zn4H68C92N24O16,204
IMACZN01,4.79524,3.4985,4.79524,1.42152,24.6551,320.198,225.251,0.0,0.0,0.0,4.00398,0.0052,0.00365807,0.0,0.0,0.0,0.0,Zn2H24C16N4O16,62
IRMOF-1,15.06638,7.91582,15.06638,0.593339,951.112,2207.08,3719.75,0.0,0.0,0.0,1909.05,0.443,0.746622,0.0,0.0,0.0,0.0,Zn8H24C48O26,106
IRMOF-6,15.03161,6.71406,15.03161,0.652773,953.221,2209.38,3384.61,0.0,0.0,0.0,1652.43,0.383,0.586728,0.0,0.0,0.0,0.0,Zn8H36C60O26,130
IRMOF-7,10.76467,4.73734,10.76467,0.709341,533.209,2475.57,3489.95,0.0,0.0,0.0,650.904,0.3022,0.426029,0.0,0.0,0.0,0.0,Zn4H18C36O13,71
ISEQIH,4.92293,4.26793,4.90311,1.74786,68.3505,721.711,412.912,0.0,0.0,0.0,24.813,0.0262,0.0149898,0.0,0.0,0.0,0.0,Ca6H20C24O28,78
ISIMAZ,3.00707,2.46824,2.89927,1.43344,0.0,0.0,0.0,0.0,0.0,0.0,0.0,0.0,0.0,0.0,0.0,0.0,0.0,Zn4H76C76N16O20,192
ISOHEE,8.55224,6.29163,8.55224,0.84726,286.98,1836.33,2167.37,0.0,0.0,0.0,314.746,0.2014,0.237708,0.0,0.0,0.0,0.0,Zn2H22C36N6O8,74
ISOJOQ,5.96324,4.18126,5.95816,0.988783,734.379,2138.33,2162.59,0.0,0.0,0.0,296.041,0.0862,0.0871779,0.0,0.0,0.0,0.0,In4H112C80O32,228
ISUCUV,5.63872,3.87203,5.6203,1.06793,345.801,1372.68,1285.37,0.0,0.0,0.0,121.424,0.0482,0.0451342,0.0,0.0,0.0,4.0,Fe6H36C72O24,138
ITETEH,3.58044,2.59038,3.57962,1.56255,0.0,0.0,0.0,8.17066,115.478,73.9035,0.0,0.0,0.0,0.566042,0.0008,0.000511984,0.0,Fe3H6C21O15,45
IXURAV,4.71651,3.9269,4.71651,1.23753,177.187,397.05,320.84,92.3118,206.857,167.153,50.8736,0.0114,0.00921188,12.4953,0.0028,0.00226257,0.0,Zn8H112C144N32O32,328
IXUREZ,5.49131,3.77257,5.49131,1.16939,495.769,1352.74,1156.79,0.0,0.0,0.0,183.979,0.0502,0.0429284,0.0,0.0,0.0,0.0,Zn8H72C104N16O32,232
IXURID,5.42414,4.17526,5.42124,1.15055,299.195,1608.96,1398.43,0.0,0.0,0.0,126.078,0.0678,0.0589283,0.0,0.0,0.0,0.0,Zn4H34C52N8O16,114
IYIHUU,11.83739,10.43961,11.83739,0.634446,576.615,2052.53,3235.15,0.0,0.0,0.0,915.829,0.326,0.513834,0.0,0.0,0.0,0.0,Zn2H26C50Br2N2O8,90
IYUJAO,6.23359,4.26512,6.23359,1.39701,464.592,1110.62,794.997,11.9209,28.4973,20.3988,279.437,0.0668,0.0478165,0.0,0.0,0.0,3.0,In9H72C129O54,264
JASNAT,4.78374,3.98828,4.76573,1.2488,171.97,1051.12,841.699,0.0,0.0,0.0,52.3541,0.032,0.0256245,0.0,0.0,0.0,0.0,Zn4H32C52N4O16,108
JASNEX,3.25556,2.72372,3.23347,1.49567,0.0,0.0,0.0,0.0,0.0,0.0,0.0,0.0,0.0,0.0,0.0,0.0,0.0,Zn2H20C34N2O8,66
JAVTAC,5.07778,3.93445,5.07772,2.02017,67.5569,653.575,323.525,0.0,0.0,0.0,22.9471,0.0222,0.0109892,0.0,0.0,0.0,0.0,Al10P10O40F2,62
JITPOS,5.87355,4.84468,5.87071,1.43517,695.941,1040.45,724.968,0.0,0.0,0.0,397.316,0.0594,0.0413888,0.0,0.0,0.0,8.0,Zn24H128C184S8N24O80,448
JIVFUQ,6.23742,5.26651,6.20112,1.14554,168.18,1739.73,1518.7,0.0,0.0,0.0,102.47,0.106,0.0925327,0.0,0.0,0.0,0.0,Zn2P4H12C12O16,46
KAFTUI,5.18489,3.11952,5.15884,1.51856,0.0,0.0,0.0,151.216,472.209,310.958,0.0,0.0,0.0,40.9897,0.0128,0.00842901,4.0,Zn8H48C102O28F36,222
KAFYAT,3.68992,2.80806,3.653,1.63276,0.0,0.0,0.0,31.046,146.558,89.7612,0.0,0.0,0.0,2.54201,0.0012,0.000734953,8.0,Zn10H36C68O36,150
KAMZUV,11.31874,3.75162,11.31874,0.903126,371.247,1483.03,1642.11,0.0,0.0,0.0,420.054,0.1678,0.185799,0.0,0.0,0.0,0.0,Zn6H56C48N24,134
KANCIN,4.67742,4.02213,4.66035,1.1872,187.495,969.545,816.667,0.0,0.0,0.0,43.7049,0.0226,0.0190364,0.0,0.0,0.0,0.0,Zn4H40C64N4O16,128
KANDEK,4.89293,3.30398,4.89293,1.3639,0.0,0.0,0.0,109.088,615.997,451.643,0.0,0.0,0.0,35.4182,0.02,0.0146638,0.0,Zn4H36C64N4O16F4,128
KANDIO,6.34814,4.18035,6.34814,1.16715,262.1,1266.53,1085.15,0.0,0.0,0.0,130.374,0.063,0.0539775,0.0,0.0,0.0,0.0,Zn4H36C64N4O16F4,128
KAVROQ,5.56636,2.87136,5.26257,1.8963,0.0,0.0,0.0,232.223,710.941,374.91,0.0,0.0,0.0,96.6861,0.0296,0.0156094,0.0,Zn24H48C48O96,216
KAXQIL,5.12409,3.76819,5.12409,1.55224,67.9327,461.021,297.004,0.0,0.0,0.0,23.2817,0.0158,0.0101789,0.0,0.0,0.0,0.0,Ca4H32C56S4O24,120
KAXQOR,4.50512,4.04434,4.50385,1.55363,61.3063,416.424,268.033,0.0,0.0,0.0,13.2499,0.009,0.00579289,0.0,0.0,0.0,0.0,Ca4H32C56S4O24,120
KAXQOR01,4.98984,3.66075,4.98812,1.5677,55.3404,379.305,241.95,0.0,0.0,0.0,19.8423,0.0136,0.00867513,0.0,0.0,0.0,0.0,Ca4H32C56S4O24,120
KAYBIX,5.6946,5.49039,5.6894,1.21439,148.948,1327.22,1092.91,0.0,0.0,0.0,92.6983,0.0826,0.0680179,0.0,0.0,0.0,0.0,Ca4H12C28N4O16,64
KAYBUJ,5.49315,5.23582,5.46639,1.19412,149.074,1306.18,1093.84,0.0,0.0,0.0,86.9672,0.0762,0.0638127,0.0,0.0,0.0,0.0,Ca4H12C28N4O16,64
KAYCIY,5.92381,4.85823,5.90445,0.977102,395.343,1889.62,1933.9,0.0,0.0,0.0,270.31,0.1292,0.132228,0.0,0.0,0.0,4.0,Ca6H18C42N6O24,96
KEDQAN,6.47084,4.69781,6.47084,1.24227,360.932,899.568,724.132,0.0,0.0,0.0,199.009,0.0496,0.0399269,0.0,0.0,0.0,0.0,Zn8H100C156N4O28,296
KEFBEE,11.08232,7.03728,11.08232,0.706119,797.159,2349.05,3326.7,0.0,0.0,0.0,1161.95,0.3424,0.484904,0.0,0.0,0.0,6.0,Zn6H18C54O24,102
KEFBOO,11.98727,8.05488,11.98727,0.72084,760.369,2287.34,3173.16,0.0,0.0,0.0,1100.99,0.3312,0.459464,0.0,0.0,0.0,6.0,Zn6H18C54O24,102
KENJEU,6.20715,3.67471,6.20272,1.18024,561.776,916.547,776.578,2.42262,3.95255,3.34894,318.722,0.052,0.0440589,0.0,0.0,0.0,8.0,Zn12H176C184N48O32,452
KEWZOD,8.2616,4.77363,8.2616,0.841576,637.291,2035.46,2418.63,0.0,0.0,0.0,582.981,0.1862,0.221251,0.0,0.0,0.0,0.0,Zn4H44C76N8O16,148
KEXKAB,4.09177,3.26763,4.07647,1.48331,0.0,0.0,0.0,80.6654,366.841,247.312,0.0,0.0,0.0,7.47633,0.0034,0.00229217,8.0,Zn8H48C64N8O32,160
KEXKEF,4.72338,2.79989,4.49578,1.24139,0.0,0.0,0.0,105.898,742.461,598.09,0.0,0.0,0.0,26.5293,0.0186,0.0149833,4.0,Zn4H36C38N4O16,98
KEXPOU,4.06064,2.7409,4.02482,1.33962,0.0,0.0,0.0,68.656,533.484,398.234,0.0,0.0,0.0,9.26594,0.0072,0.00537464,4.0,Zn4H32C36N4O16,92
KIDDOS,5.19881,3.52628,5.19881,1.34479,495.961,1149.14,854.514,0.0,0.0,0.0,156.236,0.0362,0.0269187,0.0,0.0,0.0,12.0,Zn12H84C96S12N16O54,274
KIGCEK,10.39364,10.27787,10.39364,0.990795,367.169,1329.61,1341.97,0.0,0.0,0.0,562.236,0.2036,0.205492,0.0,0.0,0.0,6.0,Zn6H78C60N12O18,174
KINHAS,4.54337,3.76529,4.54337,1.30097,97.181,684.699,526.299,0.0,0.0,0.0,24.6962,0.0174,0.0133746,0.0,0.0,0.0,0.0,Zn2H44C52S4N4O8,114
KINKAV,4.49986,3.74388,4.49755,1.21016,90.7567,456.71,377.395,0.0,0.0,0.0,18.6795,0.0094,0.00776754,0.0,0.0,0.0,0.0,Zn2H60C80N12O8,162
KIXXOG,3.83742,2.67446,3.83742,1.17163,0.0,0.0,0.0,89.3883,620.147,529.302,0.0,0.0,0.0,7.4953,0.0052,0.00443826,0.0,Ca4H24C48O16,92
KIYMIQ,7.09051,6.95471,7.08404,1.0379,288.769,1156.3,1114.07,0.0,0.0,0.0,245.24,0.0982,0.0946138,0.0,0.0,0.0,6.0,Na12H36C72O24,144
KOMGUP,4.68805,3.52352,4.66923,1.59631,119.081,801.791,502.278,0.0,0.0,0.0,24.6542,0.0166,0.010399,0.0,0.0,0.0,0.0,Zn8H24C20N32O12,96
KOMHAW,4.30719,2.83423,4.30719,1.67254,0.0,0.0,0.0,58.7931,399.108,238.623,0.0,0.0,0.0,7.95481,0.0054,0.00322861,0.0,Zn8H24C22N32O14,100
KUNWEW,5.28786,3.80654,5.25653,1.47108,198.852,714.732,485.855,0.0,0.0,0.0,77.9012,0.028,0.0190336,0.0,0.0,0.0,0.0,Zn8H60C100N12O32,212
LABGAY,4.46512,3.23821,4.458,1.46407,0.0,0.0,0.0,150.646,372.095,254.152,0.0,0.0,0.0,25.1013,0.0062,0.00423478,0.0,Zn8H108C136N24O32F24,332
LACGAZ,4.56845,2.51115,4.50302,1.18182,0.0,0.0,0.0,105.69,510.579,432.027,0.0,0.0,0.0,22.356,0.0108,0.00913843,4.0,Ca4H32C64O32,132
LACJAC,4.56325,3.36486,4.5484,1.59158,95.8198,603.205,378.997,0.0,0.0,0.0,22.2392,0.014,0.00879627,0.0,0.0,0.0,1.0,Zn7H28C44N18O16,113
LADHEF,6.83841,4.27158,6.83841,1.16057,490.683,1692.01,1457.91,0.0,0.0,0.0,343.939,0.1186,0.102191,0.0,0.0,0.0,4.0,Zn10H28C52N24O24,138
LAJDUV,2.77965,2.59241,2.77831,1.60255,0.0,0.0,0.0,0.0,0.0,0.0,0.0,0.0,0.0,0.0,0.0,0.0,0.0,Ti3H12C12N3O24,54
LAJDUV01,2.79185,2.5501,2.78038,1.59892,0.0,0.0,0.0,0.0,0.0,0.0,0.0,0.0,0.0,0.0,0.0,0.0,0.0,Ti3H12C12N3O24,54
LAJDUV02,2.78649,2.56299,2.77216,1.60178,0.0,0.0,0.0,0.0,0.0,0.0,0.0,0.0,0.0,0.0,0.0,0.0,0.0,Ti3H12C12N3O24,54
LAJDUV03,2.79651,2.54844,2.78519,1.59533,0.0,0.0,0.0,0.0,0.0,0.0,0.0,0.0,0.0,0.0,0.0,0.0,0.0,Ti3H12C12N3O24,54
LAWGEW,15.06245,7.93691,15.06245,0.591684,953.218,2205.79,3727.99,0.0,0.0,0.0,1901.43,0.44,0.74364,0.0,0.0,0.0,0.0,Zn8H24C48O26,106
LAWGIA,15.0745,7.93652,15.0745,0.590588,954.14,2203.84,3731.6,0.0,0.0,0.0,1906.69,0.4404,0.745697,0.0,0.0,0.0,0.0,Zn8H24C48O26,106
LAWGOG,15.0805,7.93827,15.06774,0.589428,956.176,2204.2,3739.56,0.0,0.0,0.0,1911.31,0.4406,0.747505,0.0,0.0,0.0,0.0,Zn8H24C48O26,106
LAWGUM,15.09972,7.93483,15.09972,0.58881,956.943,2203.66,3742.56,0.0,0.0,0.0,1912.45,0.4404,0.747949,0.0,0.0,0.0,0.0,Zn8H24C48O26,106
LAZJAZ,5.54191,3.38524,5.00952,1.27342,59.3421,487.505,382.83,0.0,0.0,0.0,20.6934,0.017,0.0133498,0.0,0.0,0.0,0.0,Zn2H30C41N4O14,91
LEGGEK,4.38053,3.59011,4.38053,1.51154,47.0515,496.847,328.702,0.047344,0.499936,0.330746,6.25021,0.0066,0.0043664,0.0,0.0,0.0,2.0,Zn4H16C24N12O8,64
LEGGIO,5.18429,3.8135,5.17203,1.17196,885.025,1811.5,1545.7,0.0,0.0,0.0,309.747,0.0634,0.0540974,0.0,0.0,0.0,8.0,Zn16H64C96N48O32,256
LEGGOU,4.37373,2.43151,4.37373,1.63905,0.0,0.0,0.0,103.476,233.929,142.722,0.0,0.0,0.0,20.3476,0.0046,0.00280651,8.0,Zn20H80C128N48O48,324
LEMNOH,4.05561,3.09524,4.05434,1.19418,0.0,0.0,0.0,148.716,688.948,576.921,0.0,0.0,0.0,23.3129,0.0108,0.00904386,0.0,Fe4C64N40,108
LETRIN,6.86119,5.90135,6.78981,1.44731,176.291,1390.73,960.902,0.0,0.0,0.0,139.945,0.1104,0.0762792,0.0,0.0,0.0,0.0,Zn6H16C28N12O12,74
LETROT,5.07506,4.57051,5.07506,1.67128,104.803,954.712,571.245,0.0,0.0,0.0,43.4708,0.0396,0.0236944,0.0,0.0,0.0,0.0,Zn6H16C28N12O12,74
LIBJAJ,3.31921,2.8984,3.31793,1.26255,0.0,0.0,0.0,0.0,0.0,0.0,0.0,0.0,0.0,0.0,0.0,0.0,0.0,Ca4H40C32O16,92
LIDZUV,5.12552,3.77339,5.06598,1.54716,66.8713,452.333,292.363,0.0,0.0,0.0,23.6538,0.016,0.0103415,0.0,0.0,0.0,0.0,Ca4H32C56S4O24,120
LIFWOO,4.98366,4.55513,4.98366,1.07707,528.435,1109.74,1030.33,0.0,0.0,0.0,196.186,0.0412,0.038252,0.0,0.0,0.0,0.0,Zn4Si4H112C160N16F24,320
LIHRIE,3.80682,2.47646,3.8057,2.08632,0.0,0.0,0.0,9.00907,131.101,62.8387,0.0,0.0,0.0,0.82462,0.0012,0.000575176,8.0,Zn8H12C8N12O4,44
LIKFOB,4.37966,3.37801,4.37966,1.5872,39.2593,985.18,620.705,0.0,0.0,0.0,7.01358,0.0176,0.0110887,0.0,0.0,0.0,2.0,Zn2H2C10O8,22
LIRNEH,4.04228,2.51715,4.0368,1.15507,0.0,0.0,0.0,158.496,263.057,227.741,0.0,0.0,0.0,16.8705,0.0028,0.00242409,0.0,Zn8H192C200N40O32,472
LIWXIZ,4.12479,3.66059,4.09285,1.63001,18.0739,122.644,75.2409,0.0,0.0,0.0,2.06317,0.0014,0.00085889,0.0,0.0,0.0,0.0,Zn4H40C62N8O18,132
LOFZUB,8.36948,3.56551,8.36948,1.45872,455.672,1367.65,937.568,0.0,0.0,0.0,274.54,0.0824,0.056488,0.0,0.0,0.0,0.0,Al24P24O96,144
LOJFUL,11.50657,8.6404,11.49116,0.609882,994.698,1928.52,3162.12,32.1071,62.2492,102.068,1610.27,0.3122,0.511902,4.12626,0.0008,0.00131173,2.0,Na2Zn2H48C106N10O16,184
LOLQIM,4.99964,2.73654,4.98296,1.79928,0.0,0.0,0.0,61.6566,784.252,435.871,0.0,0.0,0.0,16.9816,0.0216,0.0120048,0.0,Zn2Ge2P6H6O24,40
LOQLEJ,14.68464,14.39641,14.68464,0.993806,423.825,1428.51,1437.41,0.0,0.0,0.0,893.039,0.301,0.302876,0.0,0.0,0.0,0.0,In6H30C48O30,114
LOQLIN,14.25816,13.92601,14.25816,0.950024,354.005,1351.09,1422.17,0.0,0.0,0.0,747.264,0.2852,0.300203,0.0,0.0,0.0,0.0,Ga6H24C48O30,108
LOWPUI,5.89625,5.01412,5.89625,1.29126,83.539,1328.33,1028.71,0.0,0.0,0.0,41.3817,0.0658,0.050958,0.0,0.0,0.0,2.0,Zn2H10C16N2O8,38
LOWQIX,8.78853,7.51009,8.78712,0.895525,947.24,2167.92,2420.84,0.0,0.0,0.0,1333.52,0.3052,0.340806,0.0,0.0,0.0,12.0,Zn14H32C64O40,150
LUPHIN,5.12922,2.56897,5.06085,2.07732,0.0,0.0,0.0,149.766,730.426,351.62,0.0,0.0,0.0,48.7994,0.0238,0.0114571,12.0,Fe16P16O64F8,104
LUPTAS,4.93044,3.81292,4.9089,1.42961,209.494,728.257,509.408,0.0,0.0,0.0,48.9031,0.017,0.0118913,0.0,0.0,0.0,8.0,Zn8H48C88N24O32,200
LURGEL,9.80097,6.59404,9.39638,0.532137,735.73,2446.48,4597.46,0.0,0.0,0.0,991.206,0.3296,0.619389,0.0,0.0,0.0,0.0,Zn2Si1H36C51N2O8,100
LUVTEC,10.454,10.05074,10.454,1.07967,537.055,1135.66,1051.85,0.0,0.0,0.0,855.954,0.181,0.167643,0.0,0.0,0.0,0.0,Zn12H96C120N8O40,276
MAFZOK,4.49041,2.53181,4.48098,2.00933,0.0,0.0,0.0,32.1207,459.905,228.884,0.0,0.0,0.0,6.56514,0.0094,0.00467817,3.0,Zn5P2H8C16O16,47
MAGBAZ,7.74379,4.25931,7.73545,0.9596,468.101,2199.48,2292.08,0.0,0.0,0.0,321.364,0.151,0.157357,0.0,0.0,0.0,0.0,Zn4P4H12C32O28,80
MAKXAZ,5.08726,4.83873,5.06957,1.27292,181.623,875.142,687.509,0.0,0.0,0.0,90.0702,0.0434,0.0340949,0.0,0.0,0.0,0.0,Zn4H56C80N4O16,160
MAPFIS,5.59771,4.30891,5.5706,1.06696,488.83,1486.84,1393.53,0.0,0.0,0.0,201.865,0.0614,0.0575468,0.0,0.0,0.0,8.0,Ti8H64C96O32,200
MAPFOY,4.52682,3.38698,4.51576,1.24538,209.992,540.566,434.058,0.0,0.0,0.0,35.7389,0.0092,0.00738733,0.0,0.0,0.0,8.0,Ti8H96C160O32,296
MATTOR,5.58364,3.90943,5.58364,1.24007,156.557,950.216,766.26,13.2412,80.3669,64.8083,48.7687,0.0296,0.0238696,2.30663,0.0014,0.00112897,0.0,Zn4H32C52N4O16,108
MATTUX,6.25712,5.16476,6.25712,1.06941,357.224,1608.06,1503.7,0.0,0.0,0.0,170.607,0.0768,0.0718156,0.0,0.0,0.0,0.0,Zn4H40C68N4O16,132
MATVAF,7.15643,5.90901,7.14557,0.87799,743.727,2007.3,2286.25,0.0,0.0,0.0,562.435,0.1518,0.172895,0.0,0.0,0.0,0.0,Zn4H48C96N8O24,180
MATVEJ,8.53091,6.65914,8.53091,0.716016,1083.27,2263.97,3161.9,0.0,0.0,0.0,1248.83,0.261,0.364517,0.0,0.0,0.0,0.0,Zn4H56C104N8O24,196
MATVIN,3.96403,2.68633,3.96403,1.62281,0.0,0.0,0.0,27.2467,258.48,159.28,0.0,0.0,0.0,5.05974,0.0048,0.00295784,0.0,Zn4H24C36N4O16,84
MAZSUD,5.33307,3.93087,5.33307,1.15662,170.519,1798.16,1554.67,0.0,0.0,0.0,62.2083,0.0656,0.056717,0.0,0.0,0.0,0.0,Zn3H12C20N6O8,49
MECLEL,6.56223,2.85573,6.56223,1.72822,0.0,0.0,0.0,158.33,1044.64,604.462,0.0,0.0,0.0,89.1194,0.0588,0.0340234,0.0,Al12P12O48F6,78
MECWEX,11.43189,3.1317,11.43189,0.921103,0.0,0.0,0.0,341.554,1387.46,1506.31,0.0,0.0,0.0,463.787,0.1884,0.204537,0.0,Zn6H60C48N24,138
MEFYUT,5.77585,4.33422,5.56398,1.19211,479.259,1959.25,1643.52,0.0,0.0,0.0,275.924,0.1128,0.0946225,0.0,0.0,0.0,4.0,Zn8H48C56O32,144
MEJQEZ,4.70786,3.58668,4.69647,1.26931,165.322,982.32,773.903,0.0,0.0,0.0,44.4307,0.0264,0.0207988,0.0,0.0,0.0,0.0,Zn4H32C44N24O8,112
MEJQID,4.95338,3.66569,4.91383,1.21757,200.148,1140.77,936.927,0.0,0.0,0.0,56.4948,0.0322,0.0264462,0.0,0.0,0.0,0.0,Zn4H32C44N24O8,112
MEJQOJ,5.07328,3.68023,5.06179,1.21005,206.45,1169.43,966.428,0.0,0.0,0.0,68.4973,0.0388,0.0320648,0.0,0.0,0.0,0.0,Zn4H32C44N24O8,112
MIBQAR,15.10314,7.94876,15.10314,0.589235,960.939,2214.45,3758.19,0.0,0.0,0.0,1928.43,0.4444,0.754199,0.0,0.0,0.0,0.0,Zn8H24C48O26,106
MIBQAR16,15.00006,7.9611,15.00006,0.597056,943.704,2203.6,3690.78,0.0,0.0,0.0,1909.16,0.4458,0.746663,0.0,0.0,0.0,0.0,Zn8H24C48O26,106
MIBQAR18,14.9999,7.96708,14.97357,0.597794,942.742,2204.08,3687.02,0.0,0.0,0.0,1911.08,0.4468,0.747415,0.0,0.0,0.0,0.0,Zn8H24C48O26,106
MIDRAT,4.2048,3.33834,4.2048,1.26356,110.177,434.918,344.202,0.0,0.0,0.0,22.2928,0.0088,0.00696447,0.0,0.0,0.0,0.0,Zn4H80C80S8N8O16,196
MIFKUJ,6.05079,4.58023,5.97678,0.91647,406.807,1949.34,2127.01,0.0,0.0,0.0,214.533,0.1028,0.112169,0.0,0.0,0.0,0.0,Zn2H36C66O12,116
MIKJAR,5.99502,4.84665,5.99502,1.96036,164.005,746.021,380.552,0.0,0.0,0.0,82.2198,0.0374,0.0190781,0.0,0.0,0.0,0.0,Ga12P12H78C24N18O48,192
MIL-88A-dry,5.16918,2.38237,5.16792,1.55144,0.0,0.0,0.0,84.6396,689.199,444.233,0.0,0.0,0.0,28.4916,0.0232,0.0149539,0.0,Fe6H12C24O32,74
MIL-88A-open,7.38925,5.27937,7.38271,0.902972,574.763,2723.95,3016.66,0.0,0.0,0.0,411.456,0.195,0.215954,0.0,0.0,0.0,0.0,Fe6H12C24O32,74
MIL-88C-dry,3.7994,3.19856,3.79758,1.43695,0.0,0.0,0.0,22.8309,113.017,78.6507,0.0,0.0,0.0,3.63622,0.0018,0.00125265,0.0,Fe6H36C72O32,146
MIL-88C-open,13.75037,10.89185,13.75037,0.50854,1168.72,2047.45,4026.14,0.0,0.0,0.0,2565.24,0.4494,0.883707,0.0,0.0,0.0,0.0,Fe6H36C72O32,146
MIMVEJ,4.71676,4.28533,4.60921,1.30405,141.106,894.823,686.186,0.0,0.0,0.0,39.4229,0.025,0.019171,0.0,0.0,0.0,0.0,Zn4H32C48N8O16,108
MIZJUB,6.38416,5.99853,6.3841,0.867592,1206.31,2358.18,2718.07,0.0,0.0,0.0,607.714,0.1188,0.136931,0.0,0.0,0.0,8.0,Zn8H60C96N12O48,224
MOF-1-Dybtsev-dmol,9.35639,7.5759,9.11637,0.82648,233.348,2033.33,2460.23,0.0,0.0,0.0,263.263,0.2294,0.277563,0.0,0.0,0.0,0.0,Zn2H20C22N2O8,54
MOF-69,7.05898,5.83044,7.05683,1.26326,700.354,1590.2,1258.81,0.0,0.0,0.0,571.664,0.1298,0.10275,0.0,0.0,0.0,0.0,Zn18H60C96O60,234
MOGVAG,3.92444,2.6298,3.92444,2.02904,0.0,0.0,0.0,11.7123,95.2906,46.9634,0.0,0.0,0.0,0.737466,0.0006,0.000295707,0.0,Zn8H26C18S2N32O14,100
MOYNEU,4.54965,3.36079,4.48899,1.32924,124.319,309.612,232.924,0.0,0.0,0.0,17.6674,0.0044,0.00331016,0.0,0.0,0.0,4.0,Zn8H160C168O32,368
MULQOA,5.82935,5.12372,5.82935,1.29204,557.193,2083.01,1612.19,0.0,0.0,0.0,358.442,0.134,0.103712,0.0,0.0,0.0,4.0,Zn12H16C40N16O36,120
MUVGOA,5.0396,3.54728,5.0396,0.993755,298.773,709.575,714.034,211.786,502.984,506.145,60.6326,0.0144,0.0144905,42.9481,0.0102,0.0102641,0.0,Zn4H64C136N40,244
MUVGUG,5.3049,3.8372,5.30439,0.980252,163.943,768.133,783.608,109.694,513.959,524.314,48.2352,0.0226,0.0230553,27.319,0.0128,0.0130579,0.0,Zn2H32C68N20,122
MUVHAN,5.19525,3.68882,5.00213,0.984437,165.165,777.164,789.45,104.255,490.559,498.314,45.9049,0.0216,0.0219415,24.2276,0.0114,0.0115802,0.0,Zn2H32C68N20,122
MUVHER,5.24679,3.7317,5.14532,0.97664,168.074,784.586,803.352,109.09,509.244,521.425,43.7008,0.0204,0.0208879,26.9917,0.0126,0.0129014,0.0,Zn2H32C68N20,122
MUWQEB,15.66484,9.57746,15.5128,0.72296,863.298,1294.37,1790.38,311.613,467.212,646.249,2106.27,0.3158,0.436816,366.829,0.055,0.0760762,12.0,Fe12H24C72N96,204
MUZHUL,4.32673,3.84006,4.30197,1.1945,156.092,1779.42,1489.67,0.0,0.0,0.0,36.141,0.0412,0.0344914,0.0,0.0,0.0,0.0,Zn2H4C20O16,42
NAKLIW,5.07535,4.01579,4.60929,1.15907,783.967,1736.26,1497.98,0.0,0.0,0.0,224.86,0.0498,0.0429656,0.0,0.0,0.0,8.0,Zn16H56C96O56,224
NAQLAT,6.1178,3.53855,6.08116,1.24225,493.876,1063.25,855.905,0.0,0.0,0.0,177.438,0.0382,0.0307507,0.0,0.0,0.0,4.0,Zn12H80C144N8O48,292
NARTUX,5.01316,2.44331,5.01316,1.39973,0.0,0.0,0.0,104.713,251.678,179.804,0.0,0.0,0.0,34.1168,0.0082,0.00585826,8.0,Ca12H96C120N24O72,324
NAXLEF,2.89528,2.42617,2.88459,1.58072,0.0,0.0,0.0,0.0,0.0,0.0,0.0,0.0,0.0,0.0,0.0,0.0,0.0,Al2H12C16N2O10,42
NAYZUK,9.71291,7.59917,9.71291,1.3315,347.905,1010.77,759.122,48.5854,141.156,106.012,437.131,0.127,0.095381,6.88395,0.002,0.00150206,0.0,In8H48C96O40,192
NAZBAT,6.89006,4.61969,6.89006,1.03282,605.416,1733.14,1678.07,0.0,0.0,0.0,361.195,0.1034,0.100115,0.0,0.0,0.0,0.0,In4H48C96O32,180
NEHNEV,5.92864,4.61701,5.92332,0.974569,413.559,1782.98,1829.51,0.0,0.0,0.0,247.72,0.1068,0.109587,0.0,0.0,0.0,0.0,Zn3H52C64N4O18,141
NEHNEV01,5.0058,3.67388,5.00532,1.3823,83.1873,508.694,368.005,0.0,0.0,0.0,18.9696,0.0116,0.00839181,0.0,0.0,0.0,0.0,Zn3H52C64N4O18,141
NEHZIK,7.34019,4.77821,7.34019,1.20148,469.476,1250.23,1040.58,0.0,0.0,0.0,323.69,0.0862,0.0717447,0.0,0.0,0.0,0.0,Zn8H80C96N32O32,248
NHBZZN10,3.40814,2.94018,3.40605,1.53975,0.0,0.0,0.0,1.90417,13.2311,8.59305,0.0,0.0,0.0,0.0,0.0,0.0,0.0,Zn4H32C56N8O16,116
NIHBEM,4.82471,3.66332,4.81898,1.76393,122.298,742.13,420.725,0.0,0.0,0.0,32.6292,0.0198,0.0112249,0.0,0.0,0.0,0.0,Fe12H24C24O48,108
NIHBEM01,4.87963,3.68372,4.87963,1.74048,131.732,788.747,453.178,0.0,0.0,0.0,36.7431,0.022,0.0126402,0.0,0.0,0.0,1.0,Fe12H24C24O48,108
NIHBEM02,5.01891,3.78432,5.01891,1.70287,144.738,847.89,497.919,0.0,0.0,0.0,44.7243,0.0262,0.0153858,0.0,0.0,0.0,0.0,Fe12H24C24O48,108
NIHBIQ,5.25122,3.88968,5.25122,1.66955,161.831,929.478,556.723,0.0,0.0,0.0,55.3669,0.0318,0.019047,0.0,0.0,0.0,0.0,Fe12H24C24O48,108
NIHBIQ01,5.30133,3.89271,5.30133,1.65496,166.584,948.414,573.073,0.0,0.0,0.0,56.9088,0.0324,0.0195775,0.0,0.0,0.0,0.0,Fe12H24C24O48,108
NIHBIQ02,5.38184,3.95166,5.36146,1.6285,178.16,998.105,612.897,0.0,0.0,0.0,64.6164,0.0362,0.022229,0.0,0.0,0.0,0.0,Fe12H24C24O48,108
NIKYOW,4.56807,3.54686,4.56807,1.80221,101.643,630.172,349.667,0.0,0.0,0.0,22.9038,0.0142,0.00787923,0.0,0.0,0.0,0.0,Fe12H24C24O48,108
NIKYOW01,4.61161,3.58405,4.59865,1.78633,108.468,666.559,373.145,0.0,0.0,0.0,25.711,0.0158,0.00884495,0.0,0.0,0.0,0.0,Fe12H24C24O48,108
NIKYOW02,4.72462,3.68194,4.72462,1.75151,122.278,736.779,420.655,0.0,0.0,0.0,31.8649,0.0192,0.010962,0.0,0.0,0.0,1.0,Fe12H24C24O48,108
NIKYUC,4.9018,3.64376,4.89963,1.7317,134.402,800.672,462.361,0.0,0.0,0.0,38.2723,0.0228,0.0131662,0.0,0.0,0.0,0.0,Fe12H24C24O48,108
NIKYUC01,4.94759,3.68791,4.94354,1.71164,142.594,839.634,490.543,0.0,0.0,0.0,41.7778,0.0246,0.0143722,0.0,0.0,0.0,0.0,Fe12H24C24O48,108
NIKYUC02,5.06856,3.78234,5.06856,1.67303,156.624,901.446,538.81,0.0,0.0,0.0,50.0393,0.0288,0.0172143,0.0,0.0,0.0,0.0,Fe12H24C24O48,108
NIKZAJ,4.56098,3.58427,4.53545,1.81346,103.909,648.244,357.463,0.0,0.0,0.0,22.4411,0.014,0.00772006,0.0,0.0,0.0,0.0,Fe12H24C24O48,108
NIKZAJ01,4.60883,3.61537,4.60883,1.79637,109.466,676.475,376.579,0.0,0.0,0.0,23.6254,0.0146,0.0081275,0.0,0.0,0.0,0.0,Fe12H24C24O48,108
NIKZAJ02,4.67382,3.68928,4.66396,1.76633,121.622,739.028,418.396,0.0,0.0,0.0,28.6352,0.0174,0.00985091,0.0,0.0,0.0,1.0,Fe12H24C24O48,108
NIKZEN,4.82301,3.70751,4.81727,1.74152,130.258,780.383,448.105,0.0,0.0,0.0,37.0551,0.0222,0.0127475,0.0,0.0,0.0,0.0,Fe12H24C24O48,108
NIKZEN01,4.86464,3.71164,4.85271,1.72603,137.057,813.819,471.498,0.0,0.0,0.0,38.3981,0.0228,0.0132095,0.0,0.0,0.0,0.0,Fe12H24C24O48,108
NIKZEN02,4.94738,3.78699,4.94738,1.70037,146.713,858.202,504.714,0.0,0.0,0.0,46.4994,0.0272,0.0159965,0.0,0.0,0.0,0.0,Fe12H24C24O48,108
NIRDOI,3.72517,2.74753,3.7047,1.48024,0.0,0.0,0.0,15.0103,35.5032,23.9848,0.0,0.0,0.0,0.0,0.0,0.0,0.0,Zn10H120C176N8O48,362
NISCOJ,4.58385,2.97979,4.55532,1.18763,0.0,0.0,0.0,157.012,563.926,474.834,0.0,0.0,0.0,35.0817,0.0126,0.0106094,0.0,Zn4H80C88N24O16,212
NOCKUM,6.00758,5.1022,6.00758,1.07326,253.319,1336.38,1245.16,0.0,0.0,0.0,143.684,0.0758,0.0706261,0.0,0.0,0.0,4.0,Ca6H24C48O24,102
NOFHUM,4.52799,3.71651,4.48929,1.17276,304.651,815.923,695.732,0.0,0.0,0.0,53.767,0.0144,0.0122788,0.0,0.0,0.0,8.0,Zn8H64C128O32,232
NOQLOV,3.28229,2.60834,3.23871,1.99902,0.0,0.0,0.0,0.0,0.0,0.0,0.0,0.0,0.0,0.0,0.0,0.0,0.0,In4H20C20N4O32,80
NUCREJ,4.13308,3.35735,4.13308,1.63646,51.6249,234.055,143.025,0.0,0.0,0.0,3.08795,0.0014,0.000855505,0.0,0.0,0.0,0.0,Zn9H48C60N24O30,171
NURMUJ,4.39424,3.64857,4.38802,1.20073,259.092,1534.63,1278.08,0.0,0.0,0.0,39.8441,0.0236,0.0196547,0.0,0.0,0.0,6.0,Zn6H12C36O24,78
OBUFEX,5.14759,4.35938,5.14759,1.09987,371.209,1565.42,1423.28,0.0,0.0,0.0,112.874,0.0476,0.0432779,0.0,0.0,0.0,0.0,Zn4H44C64N8O24,144
OBUFIB,4.69705,3.94966,4.45735,1.56509,177.28,881.181,563.022,0.0,0.0,0.0,41.8464,0.0208,0.01329,0.0,0.0,0.0,0.0,Zn8H44C64N8O28,152
OCIZIL,4.80232,3.72491,4.79269,1.33861,288.437,478.083,357.15,0.0,0.0,0.0,71.1917,0.0118,0.00881514,0.0,0.0,0.0,0.0,Zn8H176C256N32O40,512
ODIXEG,10.36031,7.47097,10.26208,0.552173,899.011,2338.09,4234.34,0.0,0.0,0.0,1593.4,0.4144,0.75049,0.0,0.0,0.0,4.0,Zn4Si2H32C56O16,110
ODODES,6.13875,4.52515,6.13614,0.993468,731.139,1799.79,1811.62,0.0,0.0,0.0,337.988,0.0832,0.0837471,0.0,0.0,0.0,0.0,Zn6Si4H68C112O32,222
ODODIW,7.22618,4.59373,7.22618,0.965963,467.487,1973.49,2043.02,0.0,0.0,0.0,355.326,0.15,0.155286,0.0,0.0,0.0,2.0,Zn5Si2H34C56O18,115
ODUNEH,6.66002,5.04848,6.5984,0.964914,942.471,2074.76,2150.2,0.0,0.0,0.0,589.623,0.1298,0.13452,0.0,0.0,0.0,4.0,Zn10H64C112O36,222
OFERUN02,11.42938,3.12691,11.42938,0.92153,0.0,0.0,0.0,353.718,1438.6,1561.1,0.0,0.0,0.0,470.606,0.1914,0.207698,0.0,Zn6H59C48N24,137
OFERUN04,11.43126,3.48146,11.43126,0.914253,738.731,1489.28,1628.96,0.0,0.0,0.0,974.206,0.1964,0.21482,0.0,0.0,0.0,0.0,Zn12H120C96N48,276
OFUYUL,6.60027,4.21601,6.30771,1.08508,524.63,1752.68,1615.25,0.0,0.0,0.0,338.841,0.1132,0.104324,0.0,0.0,0.0,0.0,Zn8H24C64O40,136
OGAGAF,4.92581,3.9125,4.92581,1.40546,188.123,814.025,579.186,0.0,0.0,0.0,65.1709,0.0282,0.0200646,0.0,0.0,0.0,0.0,Zn8P8H64C52N8O24,164
OGAGEJ,5.64492,5.21899,5.64485,1.05864,585.018,1906.74,1801.13,0.0,0.0,0.0,314.792,0.1026,0.096917,0.0,0.0,0.0,0.0,Zn8P8H64C52N8O24,164
OGAGIN,5.17696,3.68155,4.98187,1.45357,178.697,799.705,550.166,0.0,0.0,0.0,52.7351,0.0236,0.0162359,0.0,0.0,0.0,0.0,Zn8P8H64C52N8O24,164
OHOLIH,5.71234,5.23759,5.71234,1.26984,203.609,1392.36,1096.49,0.0,0.0,0.0,92.4192,0.0632,0.0497701,0.0,0.0,0.0,0.0,Zn4H24C48O16,92
OJIWIO,4.64307,3.99735,4.61496,1.33375,183.672,838.791,628.898,0.0,0.0,0.0,50.8017,0.0232,0.0173946,0.0,0.0,0.0,0.0,Zn4H40C80N8O24,156
OSAVEK,5.46185,5.06196,5.40742,0.991485,194.711,1423.39,1435.61,0.0,0.0,0.0,98.2178,0.0718,0.0724166,0.0,0.0,0.0,4.0,Ca4H16C32O16,68
OSAVUA,5.76863,5.59566,5.76863,0.884314,160.079,1804.66,2040.75,0.0,0.0,0.0,96.6861,0.109,0.123259,0.0,0.0,0.0,2.0,Ca2H8C16O12,38
OSAWEL,5.275,4.57502,5.21033,1.20581,79.5318,1222.57,1013.9,0.0,0.0,0.0,36.0393,0.0554,0.0459443,0.0,0.0,0.0,0.0,Ca2H8C16O12,38
OSAXAI,4.39348,3.533,4.39348,1.30634,155.286,623.527,477.308,0.0,0.0,0.0,28.8892,0.0116,0.00887977,0.0,0.0,0.0,0.0,Zn4H64C96N16O16,196
OSOMIT,4.61762,2.46616,4.61012,1.56011,0.0,0.0,0.0,56.3702,294.639,188.858,0.0,0.0,0.0,15.3056,0.008,0.00512785,2.0,Zn6H48C60N18O24,156
OVICUS,5.88829,5.24435,5.88829,1.52853,140.556,870.177,569.289,0.0,0.0,0.0,77.2092,0.0478,0.0312718,0.0,0.0,0.0,0.0,Zn4H24C48S8N8O16,108
OWAVOY,8.02011,4.26959,7.97315,1.00925,1025.55,2065.12,2046.19,0.0,0.0,0.0,688.294,0.1386,0.137329,0.0,0.0,0.0,0.0,Zn12H60C96N18O48,234
OYEBIE,4.32919,3.14651,4.32311,1.30552,0.0,0.0,0.0,97.2885,462.17,354.011,0.0,0.0,0.0,10.9462,0.0052,0.00398307,0.0,Zn4H64C80N8O16,172
OYODEM,8.98325,5.22908,8.92063,1.02323,631.966,1104.78,1079.69,0.0,0.0,0.0,608.639,0.1064,0.103984,0.0,0.0,0.0,0.0,Zn8B8H160C152N48O16,392
PAMHES,4.34401,3.08533,4.22396,1.42106,0.0,0.0,0.0,112.948,744.673,524.027,0.0,0.0,0.0,19.7177,0.013,0.00914812,2.0,Zn4H12C36O18F16,86
PAMHES01,4.30772,3.04279,4.18826,1.41764,0.0,0.0,0.0,105.449,693.559,489.236,0.0,0.0,0.0,18.2449,0.012,0.00846479,2.0,Zn4H12C36O18F16,86
PAMVEG,4.06328,3.71255,4.05877,1.30742,64.4157,317.17,242.592,0.0,0.0,0.0,4.0619,0.002,0.00152973,0.0,0.0,0.0,0.0,Zn4H88C64N16O16,188
PAPHEV,4.68234,3.58973,4.68234,1.49159,183.114,696.351,466.851,0.0,0.0,0.0,43.6518,0.0166,0.0111291,0.0,0.0,0.0,0.0,Zn4H52C76Br8N8O24,172
PARHAS,6.90619,6.37667,6.76731,0.69817,389.081,2220.2,3180.03,0.0,0.0,0.0,304.577,0.1738,0.248937,0.0,0.0,0.0,0.0,Ca4H32C24O16,76
PARHEW,7.38605,6.67234,7.38605,0.632325,467.47,2415.94,3820.73,0.0,0.0,0.0,417.173,0.2156,0.340964,0.0,0.0,0.0,0.0,Ca4H32C24O16,76
PASMUT,5.21671,3.87145,5.2007,1.45236,405.688,1647.8,1134.56,0.0,0.0,0.0,146.735,0.0596,0.0410365,0.0,0.0,0.0,12.0,Zn12H24C48O48,132
PEGBAG,4.42914,3.59275,4.41193,1.43063,119.07,530.814,371.035,0.0,0.0,0.0,15.2535,0.0068,0.00475315,0.0,0.0,0.0,0.0,Zn8H64C56N48,176
PEGBEK01,4.25489,3.43767,4.2496,1.42831,117.022,520.839,364.654,0.0,0.0,0.0,15.2782,0.0068,0.00476087,0.0,0.0,0.0,0.0,Zn8H64C56N48,176
PEGBEK02,4.27091,3.47487,4.26464,1.41967,121.791,538.788,379.515,0.0,0.0,0.0,17.6317,0.0078,0.00549422,0.0,0.0,0.0,0.0,Zn8H64C56N48,176
PEGBUA,4.24178,3.44241,4.23659,1.42808,117.15,521.32,365.051,0.0,0.0,0.0,15.2808,0.0068,0.00476165,0.0,0.0,0.0,0.0,Zn8H64C56N48,176
PEGCAH,4.41751,3.55963,4.32894,1.40923,141.939,623.297,442.297,0.0,0.0,0.0,24.1386,0.0106,0.00752185,0.0,0.0,0.0,0.0,Zn8H64C56N48,176
PEGCEL,4.60881,3.89017,4.60881,1.36646,168.483,717.407,525.013,0.0,0.0,0.0,34.7579,0.0148,0.0108309,0.0,0.0,0.0,0.0,Zn8H64C56N48,176
PEJFOA,4.64383,3.88697,4.63782,2.21077,211.746,773.214,349.749,29.6541,108.285,48.9809,55.8656,0.0204,0.00922756,2.73851,0.001,0.000452332,4.0,Ga20P20C8O96,144
PEKKAS,3.45164,2.93856,3.45164,1.79576,0.0,0.0,0.0,8.91795,110.527,61.5488,0.0,0.0,0.0,0.161372,0.0002,0.000111374,0.0,In3C12O24,39
PEMRIK,6.31603,3.45605,6.31603,1.18528,460.936,1205.62,1017.15,0.0,0.0,0.0,208.748,0.0546,0.0460649,0.0,0.0,0.0,0.0,Zn8H68C112N20O32,240
PENNUT,5.51848,4.07497,5.40477,1.34514,273.452,1292.88,961.144,0.0,0.0,0.0,134.518,0.0636,0.0472813,0.0,0.0,0.0,4.0,Zn6H40C62N4O30,142
PENZUE,3.89114,3.09221,3.89114,1.63624,0.0,0.0,0.0,20.6332,103.941,63.5247,0.0,0.0,0.0,2.77911,0.0014,0.000855623,0.0,Zn8P8H64C52N8O24,164
PEPBAO,5.10254,3.95909,5.10254,1.42412,194.839,854.278,599.864,0.0,0.0,0.0,59.2995,0.026,0.0182569,0.0,0.0,0.0,0.0,Zn8P8H64C52N8O24,164
PEPXIS,2.78739,2.47168,2.76127,1.89348,0.0,0.0,0.0,0.0,0.0,0.0,0.0,0.0,0.0,0.0,0.0,0.0,0.0,Zn8H24C24N36Cl4,96
PEQHUQ,5.29265,2.63691,5.29265,1.50039,0.0,0.0,0.0,234.946,575.56,383.607,0.0,0.0,0.0,82.4571,0.0202,0.0134631,0.0,Zn16H80C96N64O32,288
PEVPUD,14.95522,7.91451,14.95522,0.594947,925.61,2170.77,3648.68,0.0,0.0,0.0,1919.64,0.4502,0.756706,0.0,0.0,0.0,0.0,Zn8H12C48O26,94
PEVQAK,14.88407,7.88772,14.88407,0.602423,922.137,2189.8,3634.99,0.0,0.0,0.0,1889.08,0.4486,0.74466,0.0,0.0,0.0,0.0,Zn8H12C48O26,94
PEVQEO,14.84488,7.95313,14.77766,0.610855,930.185,2222.24,3637.91,0.0,0.0,0.0,1847.61,0.4414,0.722594,0.0,0.0,0.0,0.0,Zn8H24C48O26,106
PEVQIS,14.89487,7.78421,14.89379,0.605776,941.504,2230.57,3682.18,0.0,0.0,0.0,1793.04,0.4248,0.701249,0.0,0.0,0.0,0.0,Zn8H24C48O26,106
PEVQOY,14.79228,7.88362,14.77092,0.613708,933.827,2241.36,3652.16,0.0,0.0,0.0,1804.03,0.433,0.705548,0.0,0.0,0.0,0.0,Zn8H24C48O26,106
PEYPIU,4.73554,3.50341,4.73554,1.41341,141.243,854.801,604.779,0.0,0.0,0.0,38.6649,0.0234,0.0165557,0.0,0.0,0.0,0.0,Zn4H32C56N4O24,120
PIDMEV,7.7619,4.42953,7.71379,1.03258,512.302,1685.85,1632.66,0.0,0.0,0.0,405.382,0.1334,0.129191,0.0,0.0,0.0,0.0,Zn6H48C84N4O24,166
PIDMEV01,7.72003,4.28453,7.71744,1.05835,496.34,1674.09,1581.79,0.0,0.0,0.0,376.534,0.127,0.119998,0.0,0.0,0.0,4.0,Zn6H48C84N4O24,166
PIFPIE,7.85828,4.27554,7.85828,1.04756,498.868,1665.46,1589.85,0.0,0.0,0.0,398.386,0.133,0.126962,0.0,0.0,0.0,0.0,Zn6H48C84N4O24,166
PIHNUQ,4.34321,3.63294,4.34321,1.46153,63.2084,395.511,270.615,0.0,0.0,0.0,12.4655,0.0078,0.00533688,0.0,0.0,0.0,0.0,Zn4H48C60N4O20,136
PIJJOI,6.12931,4.00789,6.08289,1.09199,432.775,847.513,776.116,1.65412,3.23929,2.9664,196.086,0.0384,0.0351651,0.0,0.0,0.0,0.0,Zn8H144C144N32O32,360
PIXHOV,4.83068,3.84033,4.83068,1.13311,172.65,1146.33,1011.66,0.0,0.0,0.0,56.6298,0.0376,0.0331829,0.0,0.0,0.0,0.0,Zn2H40C56N4O8,110
PIXPET,4.77527,3.75921,4.77527,1.1413,165.452,1106.47,969.486,0.0,0.0,0.0,51.1396,0.0342,0.0299659,0.0,0.0,0.0,0.0,Zn2H40C56N4O8,110
POJTOY01,2.78157,2.47684,2.78157,1.75623,0.0,0.0,0.0,0.0,0.0,0.0,0.0,0.0,0.0,0.0,0.0,0.0,0.0,Fe4H16C32O20,72
POJTUE,2.98206,2.71894,2.98206,1.58829,0.0,0.0,0.0,0.0,0.0,0.0,0.0,0.0,0.0,0.0,0.0,0.0,0.0,Fe8H32C64O40,144
PORVUO,4.67792,3.97904,4.67792,1.06036,232.655,1522.71,1436.03,0.0,0.0,0.0,60.1991,0.0394,0.0371572,0.0,0.0,0.0,0.0,Zn2H36C52N4O8,102
PUPNAQ,3.58947,2.69874,3.57729,1.43868,0.0,0.0,0.0,5.1903,27.3715,19.0254,0.0,0.0,0.0,0.0,0.0,0.0,0.0,Zn4H52C80N8O16,160
PUQHIT,4.11931,2.80454,4.11931,1.49051,0.0,0.0,0.0,49.1828,389.886,261.58,0.0,0.0,0.0,4.79357,0.0038,0.00254947,0.0,Zn4H30C44N4O16,98
PUQXUV,5.37589,5.08075,5.29758,1.50363,70.9926,235.151,156.389,99.4486,329.407,219.074,39.2472,0.013,0.00864572,29.5864,0.0098,0.00651755,0.0,Zn6H48C102O24F36,216
PUQYAC,5.36415,5.07421,5.36415,1.50028,72.5266,239.696,159.768,98.7215,326.268,217.472,38.1248,0.0126,0.00839845,28.4423,0.0094,0.00626551,0.0,Zn6H48C102O24F36,216
PURJES,6.1741,5.21501,6.1741,1.07844,340.418,1487.14,1378.98,0.0,0.0,0.0,185.416,0.081,0.0751088,0.0,0.0,0.0,4.0,Zn4H48C66O24,142
PURJIW,8.03037,6.16762,8.02661,0.894418,1025.9,1858.48,2077.86,0.0,0.0,0.0,970.431,0.1758,0.196552,0.0,0.0,0.0,4.0,Zn8H96C132O48,284
PURQEZ,4.01335,3.33782,3.83874,1.25543,50.839,325.159,259.003,6.59345,42.1707,33.5908,3.43973,0.0022,0.00175239,0.625406,0.0004,0.000318617,0.0,Zn4H24C32O32,92
PURSOK,4.44828,3.48673,4.44828,1.3532,77.7731,920.506,680.245,0.0,0.0,0.0,11.4906,0.0136,0.0100503,0.0,0.0,0.0,2.0,Zn3H12C24O12,51
PUSDIR,6.98341,5.26958,6.98341,1.1241,627.87,1290.46,1148.0,0.6481,1.33204,1.18499,422.322,0.0868,0.0772175,0.0,0.0,0.0,0.0,Zn8H96C160N8O40,312
PUSDOX,7.16088,5.6335,7.16088,1.1056,659.434,1333.03,1205.71,3.44066,6.95522,6.29092,494.688,0.1,0.0904488,0.0,0.0,0.0,4.0,Zn8H96C160N8O40,312
PUWCUF,5.62914,3.92719,5.62914,1.20596,931.098,1925.32,1596.5,0.0,0.0,0.0,354.0,0.0732,0.0606985,0.0,0.0,0.0,8.0,Zn16H96C112O64,288
QADBII,4.90485,4.23271,4.90165,1.42586,133.082,549.604,385.454,0.0,0.0,0.0,33.8997,0.014,0.00981863,0.0,0.0,0.0,0.0,Sn8H104C64O16,192
QAQSAD,5.24683,3.85843,5.23776,1.22144,133.838,1173.81,961.004,0.0,0.0,0.0,45.3802,0.0398,0.0325846,0.0,0.0,0.0,2.0,Zn3H18C36O12,69
QARCET,5.6311,3.58556,5.50351,1.43101,224.342,742.933,519.166,0.0,0.0,0.0,105.085,0.0348,0.0243184,0.0,0.0,0.0,0.0,Zn6H48C96N72,222
QATHIE,4.86697,2.68325,4.86697,1.15203,0.0,0.0,0.0,81.4317,781.024,677.953,0.0,0.0,0.0,18.3502,0.0176,0.0152773,2.0,Zn2H24C32N4O8,70
QAVWAN,6.3577,4.74176,6.3577,1.14455,270.933,1256.06,1097.43,0.0,0.0,0.0,112.596,0.0522,0.0456075,0.0,0.0,0.0,0.0,Zn4H48C72N4O16,144
QEDZEG,4.67279,4.35368,4.65959,1.26775,301.27,839.083,661.87,0.0,0.0,0.0,87.6075,0.0244,0.0192468,0.0,0.0,0.0,0.0,Zn8H72C136O32,248
QIFLIC,5.58661,2.79398,5.58661,1.50094,0.0,0.0,0.0,115.326,565.248,376.596,0.0,0.0,0.0,43.2538,0.0212,0.0141245,0.0,Zn8H40C48N32O16,144
QIFLOI,5.67402,3.53015,5.67302,1.38747,311.78,663.112,477.928,116.566,247.92,178.685,54.5406,0.0116,0.00836053,30.0914,0.0064,0.00461271,0.0,Zn16H96C96N80O32,320
QIFLUO,4.97233,3.59683,4.96592,1.26745,327.393,1129.41,891.095,0.0,0.0,0.0,78.2671,0.027,0.0213027,0.0,0.0,0.0,0.0,Zn8H56C72N32O20,188
QOKCID,4.29842,3.87051,4.29842,1.71497,49.9358,434.74,253.496,0.0,0.0,0.0,15.3917,0.0134,0.00781353,0.0,0.0,0.0,0.0,Zn4H28C48O20,100
QOMDUS,5.73732,4.27265,5.65548,1.56934,108.93,1259.77,802.74,0.0,0.0,0.0,54.4747,0.063,0.0401443,0.0,0.0,0.0,2.0,Zn5H10C16O18,49
QOMFAA,5.35735,4.20957,5.26731,1.08192,142.696,1477.58,1365.71,0.0,0.0,0.0,51.7638,0.0536,0.0495418,0.0,0.0,0.0,0.0,Zn2H22C24N2O10,60
QONQEQ,7.40291,6.99895,7.40291,0.94449,125.55,1715.74,1816.58,0.0,0.0,0.0,111.519,0.1524,0.161357,0.0,0.0,0.0,0.0,Al2H10C16O10,38
QOVWOO,2.96169,2.73853,2.95687,1.71178,0.0,0.0,0.0,0.0,0.0,0.0,0.0,0.0,0.0,0.0,0.0,0.0,0.0,Ga8H32C64O40,144
QUDJOP,6.19638,4.53832,6.17045,1.05792,368.76,1765.84,1669.17,0.0,0.0,0.0,192.123,0.092,0.0869633,0.0,0.0,0.0,4.0,Zn4H28C56N8O16,112
QUFFED,3.5402,2.92014,3.47345,1.54242,0.0,0.0,0.0,3.6373,26.0185,16.8686,0.0,0.0,0.0,0.0,0.0,0.0,0.0,Zn4H44C52N8O16,124
QUPHUF,5.02709,3.72665,4.99488,1.27657,148.361,631.185,494.437,0.0,0.0,0.0,42.7794,0.0182,0.0142569,0.0,0.0,0.0,0.0,Zn4H64C82N8O24,182
QUQFIS,7.94677,5.42884,7.94677,0.862455,1461.68,2495.36,2893.32,0.0,0.0,0.0,1216.04,0.2076,0.240708,0.0,0.0,0.0,6.0,Zn12H48C120O48,228
QUQPOI,6.70522,4.34012,5.97724,0.773869,221.136,2291.22,2960.73,0.0,0.0,0.0,122.188,0.1266,0.163594,0.0,0.0,0.0,0.0,Zn1H12C24N6,43
QUQPUO,4.10943,3.18244,4.08238,1.20432,0.0,0.0,0.0,124.717,621.793,516.301,0.0,0.0,0.0,9.62766,0.0048,0.00398564,4.0,Zn4H32C68N20O4,128
RACZIG,5.83718,5.07634,5.83718,1.54054,135.128,891.503,578.696,0.0,0.0,0.0,71.5428,0.0472,0.0306387,0.0,0.0,0.0,0.0,Zn4H16C48N4O12F16,100
RAHBUZ,6.80616,5.48586,6.79539,1.14478,503.57,1976.91,1726.89,0.0,0.0,0.0,369.861,0.1452,0.126836,0.0,0.0,0.0,4.0,Zn8H48C56O32,144
RAJFAL,3.99252,2.95999,3.97563,1.3256,0.0,0.0,0.0,17.162,183.474,138.409,0.0,0.0,0.0,1.6837,0.0018,0.00135788,2.0,Ca3H18C32O14,67
RAPYOY,6.23016,5.75241,6.23016,0.921251,726.239,2543.9,2761.36,0.0,0.0,0.0,557.832,0.1954,0.212103,0.0,0.0,0.0,0.0,Zn8H28C44N4O28,112
RAPYUE,8.10165,5.74476,7.96111,0.857006,768.576,2651.98,3094.47,0.0,0.0,0.0,711.778,0.2456,0.286579,0.0,0.0,0.0,2.0,Zn8H20C40N4O26,98
RAQVEM,4.14606,3.13681,4.12069,1.38196,0.0,0.0,0.0,59.8049,174.339,126.154,0.0,0.0,0.0,9.60506,0.0028,0.00202611,0.0,Zn6H108C128N40O16,298
RATCUL01,4.69215,3.6752,4.68916,1.74426,124.172,745.097,427.171,0.0,0.0,0.0,31.9973,0.0192,0.0110075,0.0,0.0,0.0,0.0,Fe12H24C24O48,108
RATCUL02,4.70959,3.72749,4.70959,1.73846,127.931,765.094,440.1,0.0,0.0,0.0,35.1139,0.021,0.0120797,0.0,0.0,0.0,0.0,Fe12H24C24O48,108
RATCUL03,4.74713,3.7831,4.74598,1.72801,134.329,798.532,462.111,0.0,0.0,0.0,38.0177,0.0226,0.0130786,0.0,0.0,0.0,0.0,Fe12H24C24O48,108
RATDAS02,4.66068,3.63147,4.66068,1.91854,114.998,712.379,371.313,0.0,0.0,0.0,26.4741,0.0164,0.00854817,0.0,0.0,0.0,0.0,Zn12H24C24O48,108
RAXCOK,7.52711,4.95619,7.52711,0.75626,1474.18,2558.96,3383.71,0.0,0.0,0.0,1350.35,0.2344,0.309946,0.0,0.0,0.0,0.0,Zn4H56C120S4N16O32,232
RAXDAX,3.78,2.80345,3.76584,1.43873,0.0,0.0,0.0,17.6748,88.4671,61.4897,0.0,0.0,0.0,1.99789,0.001,0.000695057,0.0,Zn4H68C72N20O16,180
REDROI,5.11492,3.52421,4.97096,1.62315,141.933,781.771,481.639,0.0,0.0,0.0,43.2097,0.0238,0.0146629,0.0,0.0,0.0,0.0,Zn10H32C48O32,122
REDYEG,6.00247,5.30029,6.00247,1.71779,109.086,1092.69,636.105,0.0,0.0,0.0,62.295,0.0624,0.0363258,0.0,0.0,0.0,0.0,Zn6H16C24N4O8F8,66
REFTUT,6.62287,5.81813,6.60232,1.44048,234.368,721.694,501.009,0.0,0.0,0.0,153.281,0.0472,0.0327668,0.0,0.0,0.0,8.0,Ca4Zn8H68C108O48,236
REGQUR,6.3736,5.47534,6.06532,1.03259,1329.55,2472.25,2394.22,0.0,0.0,0.0,849.706,0.158,0.153013,0.0,0.0,0.0,6.0,Zn18H30C90O66,204
REGREC,7.78665,6.48187,7.78665,0.899667,1097.75,2435.9,2707.56,0.0,0.0,0.0,1108.61,0.246,0.273435,0.0,0.0,0.0,8.0,Zn12H24C72O48,156
RELLAW,7.25508,5.59885,7.25181,0.896016,1141.21,2076.55,2317.54,0.0,0.0,0.0,806.766,0.1468,0.163836,0.0,0.0,0.0,0.0,Zn8H88C144N8O32,280
RETBEZ,5.68464,3.76492,5.67906,1.36188,435.946,847.294,622.148,0.0,0.0,0.0,201.69,0.0392,0.0287836,0.0,0.0,0.0,4.0,Zn12H120C184N24O48,388
REYBAA,4.19945,3.50951,4.19839,1.29344,133.708,541.568,418.705,0.0,0.0,0.0,21.7265,0.0088,0.00680359,0.0,0.0,0.0,0.0,Zn4H60C88N16O20,188
REYCOP,3.95649,3.16913,3.85297,1.19707,0.0,0.0,0.0,89.434,285.307,238.338,0.0,0.0,0.0,9.40397,0.003,0.00250612,0.0,Zn4H108C112N16O20,260
REYNUG,3.09619,2.84518,3.09083,1.88179,0.0,0.0,0.0,0.0,0.0,0.0,0.0,0.0,0.0,0.0,0.0,0.0,0.0,Zn16H112C80N80O32,320
REYPIW,5.40721,5.27542,5.40721,1.18423,201.594,1477.8,1247.9,0.0,0.0,0.0,100.401,0.0736,0.06215,0.0,0.0,0.0,0.0,Zn3H24C38N12O8,85
RIFDUG01,13.00544,6.82625,13.00544,0.86753,982.143,2101.52,2422.41,0.0,0.0,0.0,1450.65,0.3104,0.357797,0.0,0.0,0.0,12.0,Zn12H24C72O48,156
RIPNIP,5.40468,4.16072,5.00429,1.54847,361.411,1397.42,902.453,0.0,0.0,0.0,137.072,0.053,0.0342273,0.0,0.0,0.0,8.0,Zn8C64O32F32,136
RIYDEJ,3.64809,2.52152,3.64229,1.29858,0.0,0.0,0.0,7.03071,45.9414,35.3782,0.0,0.0,0.0,0.306073,0.0002,0.000154014,0.0,Na4H32C48N8O24,116
RUFMUA,3.9762,2.77166,3.9762,1.5174,0.0,0.0,0.0,15.3388,282.36,186.082,0.0,0.0,0.0,2.17293,0.004,0.00263609,0.0,Ca2H8C18O12,40
RUFMUA01,4.11681,2.9225,4.05539,1.51217,0.0,0.0,0.0,18.4636,338.713,223.991,0.0,0.0,0.0,2.72556,0.005,0.00330651,0.0,Ca2H8C18O12,40
RUMWUS,6.18521,4.39726,6.09912,1.10502,307.665,1377.19,1246.3,0.0,0.0,0.0,145.211,0.065,0.0588224,0.0,0.0,0.0,2.0,Zn4H48C66O24,142
RUPZIM,3.48373,3.25841,3.48305,1.5496,0.0,0.0,0.0,7.41848,51.8773,33.4778,0.0,0.0,0.0,0.0,0.0,0.0,0.0,Zn4H32C56N8O16,116
RURQEB,4.27619,2.89993,4.24705,1.80091,0.0,0.0,0.0,39.1618,351.75,195.318,0.0,0.0,0.0,8.68407,0.0078,0.00433115,2.0,Zn5H12C28N18O8F8,79
RUTBUE,5.46179,3.3167,5.42607,1.84831,149.435,953.31,515.773,4.38685,27.9857,15.1412,55.8042,0.0356,0.0192608,0.0,0.0,0.0,10.0,Na4Sn4Te6H28C16O12,70
RUVMAX,5.22433,4.41387,5.22043,1.2008,426.564,1733.59,1443.7,0.0,0.0,0.0,153.54,0.0624,0.0519654,0.0,0.0,0.0,4.0,Zn6H30C60N18O24,138
SABVOH,6.28452,5.97419,6.28452,0.999416,214.413,1550.27,1551.17,0.0,0.0,0.0,166.799,0.1206,0.12067,0.0,0.0,0.0,0.0,Al4H20C32O20,76
SABVOH01,6.49159,6.20622,6.49159,1.00596,214.999,1564.68,1555.41,0.0,0.0,0.0,174.233,0.1268,0.126049,0.0,0.0,0.0,0.0,Al4H20C32O20,76
SABVUN,7.01989,6.78077,7.01989,0.978971,116.996,1657.22,1692.82,0.0,0.0,0.0,98.9782,0.1402,0.143212,0.0,0.0,0.0,0.0,Al2H10C16O10,38
SADMOB,6.05305,5.85441,6.05305,1.12119,106.047,1517.26,1353.26,0.0,0.0,0.0,67.238,0.0962,0.085802,0.0,0.0,0.0,0.0,Fe2H8C16O10,36
SADMUH,7.87522,7.3626,7.87522,0.983737,144.505,1814.03,1844.02,0.0,0.0,0.0,143.706,0.1804,0.183382,0.0,0.0,0.0,0.0,Fe2H8C16O10,36
SAHYOQ03,15.06405,7.94237,15.06405,0.591684,958.185,2217.29,3747.42,0.0,0.0,0.0,1885.01,0.4362,0.737218,0.0,0.0,0.0,0.0,Zn8H24C48O26,106
SAHYOQ04,15.08795,7.9352,15.08795,0.589515,960.195,2213.79,3755.28,0.0,0.0,0.0,1903.22,0.4388,0.744341,0.0,0.0,0.0,0.0,Zn8H24C48O26,106
SAHYOQ05,15.11706,7.90748,15.11706,0.589515,938.997,2164.92,3672.37,0.0,0.0,0.0,1930.11,0.445,0.754858,0.0,0.0,0.0,0.0,Zn8H24C48O26,106
SAKRAZ,5.58245,5.12904,5.58245,1.03675,590.858,2408.22,2322.86,0.0,0.0,0.0,295.892,0.1206,0.116325,0.0,0.0,0.0,4.0,Zn8H32C44O28,112
SAKRED,5.5169,5.02553,5.5169,1.03225,592.883,2406.0,2330.82,0.0,0.0,0.0,305.066,0.1238,0.119932,0.0,0.0,0.0,4.0,Zn8H32C44O28,112
SARBOE,5.04967,3.82572,5.04967,1.20269,208.048,1109.19,922.26,0.0,0.0,0.0,62.2721,0.0332,0.0276047,0.0,0.0,0.0,0.0,Zn4H40C48N16O16,124
SARNOQ,9.2766,6.16862,9.2766,1.10826,447.06,1851.97,1671.05,0.0,0.0,0.0,446.102,0.1848,0.166747,0.0,0.0,0.0,0.0,Zn6H6C24N66,102
SEFBOV,5.65834,5.15011,5.64688,1.02534,609.996,2458.86,2398.1,0.0,0.0,0.0,323.497,0.1304,0.127178,0.0,0.0,0.0,4.0,Zn8H32C44O28,112
SENWAL,8.65122,7.37341,8.63714,0.731865,727.327,2371.74,3240.68,0.0,0.0,0.0,1145.7,0.3736,0.510477,0.0,0.0,0.0,8.0,Zn8H12C36O24,80
SENWEP,5.93538,3.31524,5.93538,1.23957,431.598,1537.39,1240.27,0.0,0.0,0.0,168.44,0.06,0.048404,0.0,0.0,0.0,4.0,Zn8H12C36N12O60,128
SENWIT,8.52908,6.49629,8.43809,0.783284,708.298,2471.96,3155.89,0.0,0.0,0.0,1019.48,0.3558,0.454241,0.0,0.0,0.0,8.0,Zn8H12C36O24,80
SENWOZ,8.93321,7.13554,8.85614,0.743064,723.91,2396.72,3225.46,0.0,0.0,0.0,1134.47,0.3756,0.505474,0.0,0.0,0.0,8.0,Zn8H12C36O24,80
SETQOZ,7.78625,7.21199,7.78625,0.989732,282.626,1784.77,1803.29,0.0,0.0,0.0,291.372,0.184,0.185909,0.0,0.0,0.0,0.0,Fe4H16C32O20,72
SETQUF,7.79585,7.23477,7.79585,0.992375,281.233,1780.72,1794.4,0.0,0.0,0.0,289.648,0.1834,0.184809,0.0,0.0,0.0,0.0,Fe4H16C32O20,72
SICDAL,2.83865,2.57119,2.83865,1.71176,0.0,0.0,0.0,0.0,0.0,0.0,0.0,0.0,0.0,0.0,0.0,0.0,0.0,Ga2H10C16O10,38
SOWYIM,2.02468,1.22645,2.02468,1.14361,0.0,0.0,0.0,0.0,0.0,0.0,0.0,0.0,0.0,0.0,0.0,0.0,0.0,Na4Si8H136C56N4O16,224
SUJQOE,4.04841,2.83947,4.00192,1.20423,0.0,0.0,0.0,217.066,507.522,421.45,0.0,0.0,0.0,33.3605,0.0078,0.00647718,0.0,Zn8H112C144N16O32,312
SUJREV,4.09412,3.04808,3.93219,1.22146,0.0,0.0,0.0,216.005,512.267,419.389,0.0,0.0,0.0,21.9265,0.0052,0.0042572,0.0,Zn8H112C144N16O32,312
SULKIU,5.12422,3.08346,4.51173,1.26023,0.0,0.0,0.0,555.469,950.317,754.08,0.0,0.0,0.0,137.944,0.0236,0.0187267,8.0,Zn12H96C168S12O72,360
TACPAP,6.18933,6.06319,6.18525,1.70548,136.424,645.112,378.259,0.0,0.0,0.0,89.242,0.0422,0.0247438,0.0,0.0,0.0,0.0,Zn8H48C48O64,168
TADCAE,4.68506,3.03191,4.68506,1.61627,0.0,0.0,0.0,115.263,304.878,188.63,0.0,0.0,0.0,27.9766,0.0074,0.00457843,8.0,Zn16H40C112N16O64,248
TAPHOJ,3.98582,2.55144,3.98582,1.43274,0.0,0.0,0.0,23.8574,89.0438,62.1492,0.0,0.0,0.0,2.14343,0.0008,0.00055837,0.0,Zn4H96C96S4N16O28,244
TASXIW,7.39302,4.84143,7.39181,1.10616,649.03,2094.54,1893.51,0.0,0.0,0.0,453.646,0.1464,0.132349,0.0,0.0,0.0,4.0,Zn8H36C68N8O36,156
TATPOV,8.94506,6.39643,8.9366,0.932619,1436.28,2041.01,2188.47,0.0,0.0,0.0,1415.87,0.2012,0.215736,0.0,0.0,0.0,8.0,Zn16H56C152O64,288
TEBSAW,5.155,3.9441,5.14164,1.22508,314.572,1252.92,1022.72,0.0,0.0,0.0,94.9045,0.0378,0.030855,0.0,0.0,0.0,8.0,Zn8H48C32N64,152
TECTUS,5.15619,3.5989,5.14062,1.12529,190.869,1210.04,1075.31,0.0,0.0,0.0,70.0355,0.0444,0.0394564,0.0,0.0,0.0,2.0,Ca6H12C36O24,78
TECVEE,6.29319,4.18887,6.28368,1.16711,219.557,1117.04,957.097,0.0,0.0,0.0,125.401,0.0638,0.0546648,0.0,0.0,0.0,0.0,Ca6H36C44S4O28,118
TEDGOA,8.51326,7.7807,8.51326,0.69107,797.321,2407.33,3483.48,0.0,0.0,0.0,1023.43,0.309,0.447133,0.0,0.0,0.0,0.0,Zn4H12C36N48,100
TEDHAN,10.07567,9.53567,10.07567,0.899209,1114.06,2090.83,2325.19,0.0,0.0,0.0,1454.62,0.273,0.3036,0.0,0.0,0.0,0.0,Zn12H18C54N72Cl12,168
TEDLUK,5.52889,4.6318,5.52889,1.32625,120.224,573.296,432.27,10.2156,48.7135,36.7304,60.3956,0.0288,0.0217154,2.51649,0.0012,0.00090481,0.0,Zn4H60C72N12O20,168
TEDSIG,5.45758,3.35688,5.43888,1.15314,228.315,1001.75,868.71,0.0,0.0,0.0,91.6225,0.0402,0.0348612,0.0,0.0,0.0,0.0,Zn4H56C64N8O24,156
TENLIJ,5.37557,4.41973,5.36241,1.14422,515.846,1300.62,1136.69,0.0,0.0,0.0,205.446,0.0518,0.045271,0.0,0.0,0.0,0.0,Zn8H72C106N16O40,242
TEPGUS,4.96082,3.85849,4.96082,1.29312,156.462,904.867,699.755,0.0,0.0,0.0,53.2567,0.0308,0.0238184,0.0,0.0,0.0,0.0,Zn4H36C44N28O8,120
TEQPAI,6.00734,3.70386,5.68806,1.19067,843.595,1453.48,1220.72,0.0,0.0,0.0,393.508,0.0678,0.0569426,0.0,0.0,0.0,8.0,Zn16H72C120S24O52,284
TESGOO,4.76391,3.62987,4.72184,1.92126,116.002,719.619,374.556,0.0,0.0,0.0,28.3711,0.0176,0.00916067,0.0,0.0,0.0,0.0,Zn12H24C24O48,108
TESGUU,4.82436,3.58268,4.81961,1.92111,113.976,706.994,368.014,0.0,0.0,0.0,28.6957,0.0178,0.00926549,0.0,0.0,0.0,0.0,Zn12H24C24O48,108
TESHAB,5.24315,3.84947,5.24293,1.8144,155.39,910.352,501.737,0.0,0.0,0.0,53.2561,0.0312,0.0171958,0.0,0.0,0.0,0.0,Zn12H24C24O48,108
TEVZEA,4.59329,3.52297,4.53885,1.97043,97.5231,620.471,314.89,0.0,0.0,0.0,20.4329,0.013,0.00659753,0.0,0.0,0.0,0.0,Zn12H24C24O48,108
TEVZIE,4.89772,3.64059,4.89772,1.88802,128.094,780.886,413.6,0.0,0.0,0.0,37.0724,0.0226,0.0119702,0.0,0.0,0.0,0.0,Zn12H24C24O48,108
TEVZOK,4.56897,3.54471,4.54551,1.97903,97.8948,625.551,316.09,0.0,0.0,0.0,20.6572,0.0132,0.00666995,0.0,0.0,0.0,0.0,Zn12H24C24O48,108
TEVZUQ,4.84681,3.6521,4.84681,1.89478,128.293,784.9,414.244,0.0,0.0,0.0,33.998,0.0208,0.0109775,0.0,0.0,0.0,0.0,Zn12H24C24O48,108
TIGDOD,6.0917,4.63684,6.05909,0.941113,428.806,1679.88,1784.99,0.0,0.0,0.0,231.776,0.0908,0.0964815,0.0,0.0,0.0,0.0,Zn4H48C64N8O16,140
TIRLIQ,5.16708,4.02438,5.14791,1.34501,350.873,839.126,623.879,0.0,0.0,0.0,105.372,0.0252,0.0187359,0.0,0.0,0.0,0.0,Zn12H88C136N8O48,292
TISKOW,6.20785,2.95239,6.20785,1.5582,0.0,0.0,0.0,241.025,827.667,531.167,0.0,0.0,0.0,112.99,0.0388,0.0249004,4.0,Zn14H32C64N36O32,178
TONBII,4.87761,4.60688,4.87761,1.60548,31.4648,563.316,350.872,0.0,0.0,0.0,12.6235,0.0226,0.0140768,0.0,0.0,0.0,0.0,Fe2H12C24O8,46
TONQOD,8.4438,5.40934,5.89319,0.731873,930.659,2992.77,4089.19,0.0,0.0,0.0,559.745,0.18,0.245944,0.0,0.0,0.0,4.0,Zn4H36C68O16,124
TUDJOS,11.48833,3.97125,11.48833,0.911589,781.067,1570.04,1722.31,0.0,0.0,0.0,886.512,0.1782,0.195483,0.0,0.0,0.0,0.0,Zn12H120C96N48,276
UBACOR,5.7806,3.33609,5.7806,1.34848,287.449,951.713,705.767,0.0,0.0,0.0,128.666,0.0426,0.0315911,0.0,0.0,0.0,0.0,Zn8H56C104N8O32,208
UBACUX,7.27569,3.40268,7.27569,1.19506,461.559,1295.13,1083.74,0.0,0.0,0.0,297.22,0.0834,0.0697875,0.0,0.0,0.0,4.0,Zn8H56C104N16O32,216
UBUMAH,7.09336,6.41082,6.96082,0.845931,1813.87,2589.71,3061.37,0.0,0.0,0.0,1595.54,0.2278,0.269289,0.0,0.0,0.0,12.0,Zn16H56C136O52,260
UDANAQ,6.34962,5.1215,6.34962,1.07942,253.385,1372.63,1271.64,0.0,0.0,0.0,153.955,0.0834,0.0772638,0.0,0.0,0.0,0.0,Zn2H48C72N2O8,132
UGUQOC,5.44159,3.98171,5.43587,1.19373,127.122,1299.62,1088.7,0.0,0.0,0.0,51.6462,0.0528,0.0442311,0.0,0.0,0.0,0.0,Zn2H20C20N4O16,62
UJAQUS,7.15939,6.10118,7.07981,0.989707,693.061,1997.28,2018.05,0.0,0.0,0.0,553.123,0.1594,0.161058,0.0,0.0,0.0,4.0,Zn8H40C72O40,160
UKUBUY,7.24877,4.48545,6.9378,1.0306,478.256,1309.94,1271.05,0.0,0.0,0.0,272.362,0.0746,0.0723853,0.0,0.0,0.0,0.0,Fe4H104C100S8N16O16,248
ULUVUT,5.1427,4.75944,5.13746,1.14921,126.954,1881.28,1637.02,0.0,0.0,0.0,56.0109,0.083,0.0722238,0.0,0.0,0.0,0.0,Zn2H8C4N20,34
UMEXUF,5.96732,4.46538,5.9489,1.62337,267.368,1517.55,934.817,0.0,0.0,0.0,168.079,0.0954,0.0587666,0.0,0.0,0.0,9.0,Zn10H12C40O36,98
UNIGEE,14.93052,7.82687,14.93052,0.605547,948.707,2246.79,3710.35,0.0,0.0,0.0,1834.25,0.4344,0.717368,0.0,0.0,0.0,0.0,Zn8H24C48O26,106
UTEXAT,6.27145,4.0077,6.27145,1.01791,656.552,1354.69,1330.85,52.8043,108.953,107.036,413.892,0.0854,0.0838974,6.78512,0.0014,0.00137537,0.0,Zn12H72C120N48,252
UVARIT,4.76443,3.17403,4.76443,1.2266,0.0,0.0,0.0,57.42,412.702,336.459,0.0,0.0,0.0,11.6871,0.0084,0.00684818,0.0,Zn2H40C56N4O8,110
UVAROZ,4.79706,3.34321,4.54959,1.22985,61.3726,442.278,359.62,0.0,0.0,0.0,11.1012,0.008,0.00650488,0.0,0.0,0.0,0.0,Zn2H40C56N4O8,110
UVARUF,4.72699,3.36186,4.72699,1.24889,56.9488,416.754,333.698,0.0,0.0,0.0,12.5717,0.0092,0.00736652,0.0,0.0,0.0,0.0,Zn2H40C56N4O8,110
UVASAM,4.75617,3.15385,4.75617,1.22491,0.0,0.0,0.0,58.5213,420.036,342.912,0.0,0.0,0.0,12.2605,0.0088,0.00718421,0.0,Zn2H40C56N4O8,110
UVEXAV,4.66793,3.98237,4.65272,1.99529,57.802,1044.32,523.395,0.0,0.0,0.0,19.9256,0.036,0.0180425,0.0,0.0,0.0,0.0,Ga4H10C10O16,40
UVUPOR,6.87637,4.98201,6.87637,1.02516,559.246,1358.03,1324.71,69.7081,169.274,165.121,350.035,0.085,0.0829143,16.4722,0.004,0.00390185,0.0,Zn6H72C120N18O24,240
UVUQAE,5.89761,4.70396,5.31275,1.14377,666.423,1507.33,1317.86,0.0,0.0,0.0,301.526,0.0682,0.0596274,0.0,0.0,0.0,4.0,Zn8H80C136N12O40,276
UWELIS,5.99371,4.57547,5.83222,0.952092,516.857,2119.08,2225.71,0.0,0.0,0.0,256.589,0.1052,0.110494,0.0,0.0,0.0,0.0,Zn4H32C56N8O20,120
UWUTIQ,6.1259,4.66623,5.97328,1.0094,880.247,1935.05,1917.04,0.0,0.0,0.0,393.939,0.0866,0.0857936,0.0,0.0,0.0,0.0,Zn8H80C128N8O32,256
UXEHIP,6.08949,4.81637,6.08807,0.94328,753.284,1550.29,1643.52,0.0,0.0,0.0,406.21,0.0836,0.088627,0.0,0.0,0.0,0.0,Zn4H112C148N16O24,304
UXUZAP,4.84101,3.60752,4.81391,1.24118,179.201,1041.19,838.872,0.0,0.0,0.0,53.3546,0.031,0.0249762,0.0,0.0,0.0,0.0,Zn4H32C44N24O8,112
VACFOV,7.04016,6.80377,7.04016,0.930569,599.581,2527.98,2716.6,0.0,0.0,0.0,376.639,0.1588,0.170648,0.0,0.0,0.0,0.0,In3H24C48O24,99
VACFOV01,6.9686,6.75464,6.9686,0.970836,544.877,2396.74,2468.74,0.0,0.0,0.0,325.552,0.1432,0.147502,0.0,0.0,0.0,0.0,In3H24C48O24,99
VACFUB,8.50715,8.34107,8.50715,1.18054,136.93,1048.12,887.834,0.0,0.0,0.0,182.377,0.1396,0.118251,0.0,0.0,0.0,0.0,Zn3H24C36N6O12,81
VACFUB01,8.53124,8.3704,8.53124,1.18192,139.261,1067.21,902.952,0.0,0.0,0.0,186.602,0.143,0.12099,0.0,0.0,0.0,0.0,Zn3H24C36N6O12,81
VAGTUU,6.4105,3.89316,6.4105,1.19065,435.107,847.696,711.964,238.749,465.142,390.663,240.216,0.0468,0.0393064,76.9922,0.015,0.0125982,4.0,Zn16H72C144O52,284
VAHSIH,5.77948,3.2345,5.66245,1.62959,0.0,0.0,0.0,233.316,1129.46,693.097,0.0,0.0,0.0,138.817,0.0672,0.0412375,0.0,Al16P16O64F4,100
VAZTOG,15.10603,7.93969,15.10603,0.589901,960.876,2216.81,3757.94,0.0,0.0,0.0,1888.97,0.4358,0.738768,0.0,0.0,0.0,0.0,Zn8H24C48O26,106
VEHKAW,5.91326,2.66486,5.90329,1.1388,0.0,0.0,0.0,190.441,1024.83,899.926,0.0,0.0,0.0,104.806,0.0564,0.049526,0.0,Zn4H44C44N4O24,120
VEJYIT,6.4229,5.28654,6.4229,0.928973,1134.46,1987.98,2139.97,0.0,0.0,0.0,762.404,0.1336,0.143815,0.0,0.0,0.0,0.0,Zn16H96C96N64,272
VEJYIT01,6.55973,5.0687,6.54696,0.921332,1153.75,2005.14,2176.35,0.0,0.0,0.0,764.123,0.1328,0.144139,0.0,0.0,0.0,0.0,Zn16H96C96N64,272
VEJYUF01,5.23877,2.60028,5.19387,1.21219,0.0,0.0,0.0,314.236,718.53,592.754,0.0,0.0,0.0,118.954,0.0272,0.0224388,0.0,Zn16H96C96N64,272
VEJYUF02,5.13877,2.49006,5.0865,1.24643,0.0,0.0,0.0,305.763,718.903,576.77,0.0,0.0,0.0,101.226,0.0238,0.0190946,0.0,Zn16H96C96N64,272
VEMMAC,7.0981,6.10196,7.04022,0.882251,355.494,2268.24,2570.97,0.0,0.0,0.0,265.809,0.1696,0.192235,0.0,0.0,0.0,2.0,Zn3H12C24N24,63
VEXVAW,9.7712,5.86323,9.7712,0.773292,1017.94,2087.5,2699.5,0.0,0.0,0.0,1183.98,0.2428,0.313982,0.0,0.0,0.0,1.0,Fe6H66C114N6O26,218
VICDOC,4.65058,4.08181,4.52458,1.14596,199.725,935.908,816.701,0.0,0.0,0.0,51.2167,0.024,0.0209431,0.0,0.0,0.0,0.0,Fe4H48C72N24,148
VICYUD,5.57985,4.2436,5.56531,1.15194,578.905,1473.8,1279.41,0.0,0.0,0.0,241.177,0.0614,0.0533016,0.0,0.0,0.0,4.0,Zn8H56C112N16O36,228
VIZRIH,5.68106,4.30035,5.67077,1.59459,226.976,453.176,284.196,0.0,0.0,0.0,111.19,0.0222,0.0139221,0.0,0.0,0.0,0.0,Zn16H112C144S8N64O48,392
VONBIK,4.80212,3.01348,4.80212,1.27276,0.0,0.0,0.0,276.214,535.906,421.059,0.0,0.0,0.0,72.158,0.014,0.0109997,0.0,Zn8H144C192N24O40,408
VONBUW,4.78685,2.90353,4.78685,1.34286,0.0,0.0,0.0,110.312,345.263,257.111,0.0,0.0,0.0,28.7551,0.009,0.00670212,4.0,Zn4H88C132N12O30,266
VUNCAJ,3.5791,2.77239,3.5791,1.58584,0.0,0.0,0.0,7.41519,61.7811,38.9578,0.0,0.0,0.0,0.480095,0.0004,0.000252232,4.0,Zn4H28C36N12O16,96
VUSJUP,14.85288,8.72882,14.85288,0.519287,913.292,2177.67,4193.59,0.0,0.0,0.0,2147.27,0.512,0.985968,0.0,0.0,0.0,0.0,Zn8H12C30O26,76
VUSKAW,14.98828,7.97019,14.98828,0.594675,945.713,2199.49,3698.64,0.0,0.0,0.0,1950.34,0.4536,0.762769,0.0,0.0,0.0,0.0,Zn8H24C48O26,106
VUSKEA,14.99758,7.99678,14.99758,0.594675,939.893,2185.95,3675.88,0.0,0.0,0.0,1956.36,0.455,0.765124,0.0,0.0,0.0,0.0,Zn8H24C48O26,106
WAFKAQ,8.03491,5.5164,8.03491,0.911443,463.995,2125.01,2331.48,0.0,0.0,0.0,420.104,0.1924,0.211094,0.0,0.0,0.0,0.0,Zn4H48C48N4O16,120
WALBOC,4.17363,2.9644,4.17363,1.70332,0.0,0.0,0.0,122.426,407.784,239.406,0.0,0.0,0.0,16.212,0.0054,0.00317028,0.0,Zn16H48C48N64O32,208
WALBOC01,4.21583,2.9953,4.21411,1.6978,0.0,0.0,0.0,137.541,456.646,268.964,0.0,0.0,0.0,23.4935,0.0078,0.00459418,0.0,Zn16H48C48N64O32,208
WALBOC02,4.1969,2.99285,4.17717,1.70087,0.0,0.0,0.0,126.299,420.079,246.979,0.0,0.0,0.0,15.634,0.0052,0.00305726,0.0,Zn16H48C48N64O32,208
WALCET,4.22225,3.07523,4.21512,1.69225,0.0,0.0,0.0,145.304,480.841,284.143,0.0,0.0,0.0,19.3399,0.0064,0.00378196,0.0,Zn16H48C48N64O32,208
WALCIX,4.16345,2.98665,4.15683,1.71123,0.0,0.0,0.0,122.13,408.688,238.828,0.0,0.0,0.0,19.7231,0.0066,0.00385688,0.0,Zn16H48C48N64O32,208
WAYMEQ,7.00572,6.70045,7.00572,0.975024,117.782,1669.71,1712.48,0.0,0.0,0.0,93.6776,0.1328,0.136202,0.0,0.0,0.0,0.0,Al2H8C16O10,36
WAYMIU,7.34155,6.89988,7.34155,0.978708,122.199,1730.46,1768.1,0.0,0.0,0.0,102.677,0.1454,0.148563,0.0,0.0,0.0,0.0,Al2H10C16O10,38
WAYMOA,7.06782,6.88356,7.06782,0.954971,121.642,1680.79,1760.04,0.0,0.0,0.0,103.637,0.1432,0.149952,0.0,0.0,0.0,0.0,Al2H10C16O10,38
WEBKOF,9.58186,6.48111,9.58186,0.853712,1069.65,2394.72,2805.06,0.0,0.0,0.0,1103.28,0.247,0.289325,0.0,0.0,0.0,0.0,Zn1In5H24C72O48,150
WEBREC,5.39661,3.78553,5.39661,1.22212,251.597,941.296,770.218,0.0,0.0,0.0,90.8779,0.034,0.0278206,0.0,0.0,0.0,0.0,Zn4H64C100N4O24,196
WECJAR,5.22485,4.07167,5.22485,1.45552,112.733,604.335,415.203,0.0,0.0,0.0,49.6199,0.0266,0.0182753,0.0,0.0,0.0,0.0,Zn4H36C64S8N4O16,132
WEMNAF,4.6267,3.86158,4.6267,1.41831,106.901,855.79,603.387,0.0,0.0,0.0,27.2315,0.0218,0.0153704,0.0,0.0,0.0,0.0,Zn3H26C28S2N18O12,89
WENDIE,4.91533,3.83478,4.91533,1.40969,120.174,1005.97,713.61,0.0,0.0,0.0,42.0503,0.0352,0.0249701,0.0,0.0,0.0,2.0,Zn4H16C32N16O8,76
WERKUZ,3.65332,2.97956,3.64317,1.78295,0.0,0.0,0.0,6.41084,40.6756,22.8136,0.0,0.0,0.0,0.0,0.0,0.0,4.0,Na4P4H44C36Br4N12O32,136
WIHCUM,3.39664,3.07125,3.39664,1.72029,0.0,0.0,0.0,0.394746,5.6426,3.28002,0.0,0.0,0.0,0.0,0.0,0.0,0.0,Na4H24C8S8O16,60
WIJDAV,6.7427,5.50308,6.71088,1.44712,371.881,1335.95,923.18,0.0,0.0,0.0,313.996,0.1128,0.0779482,0.0,0.0,0.0,0.0,Zn12H56C56N24O36,184
WIYFAM,9.09166,6.13483,9.09166,0.794129,803.807,2349.28,2958.31,0.0,0.0,0.0,797.895,0.2332,0.293655,0.0,0.0,0.0,0.0,Zn8H56C56N16O10,146
WOGHEG,4.98706,2.98597,4.98706,1.24204,0.0,0.0,0.0,86.1281,862.026,694.042,0.0,0.0,0.0,25.1782,0.0252,0.0202892,0.0,Zn2H20C32N6O8,68
WOJJOV,7.80928,6.43421,7.80786,1.16079,249.535,847.906,730.455,53.8102,182.844,157.517,220.133,0.0748,0.0644388,19.4235,0.0066,0.00568577,0.0,Al8H48C96O40,192
WONZOP,11.00202,10.33195,11.00202,0.652093,567.169,1961.02,3007.28,0.0,0.0,0.0,902.947,0.3122,0.478766,0.0,0.0,0.0,1.0,Zn2Si2H32C48N8F12,104
WONZUV,11.45781,9.81279,11.45781,0.60775,778.17,2118.99,3486.61,0.0,0.0,0.0,1181.77,0.3218,0.529494,0.0,0.0,0.0,0.0,Zn2Si2H48C64N8F12,136
WOWGEU,3.71958,2.46576,3.70911,1.88819,0.0,0.0,0.0,3.11007,63.615,33.6911,0.0,0.0,0.0,0.391111,0.0008,0.000423687,2.0,Al4P4H8C4O12F4,36
WUCRUH,4.31723,3.81301,4.31723,1.71018,30.7867,530.423,310.157,0.0,0.0,0.0,5.80418,0.01,0.00584735,0.0,0.0,0.0,3.0,Fe3H6C18O13,40
XADCOW,14.13866,13.85709,14.13807,0.869049,383.123,1416.26,1629.67,0.0,0.0,0.0,775.842,0.2868,0.330016,0.0,0.0,0.0,0.0,Fe6H24C48O30,108
XADGAM,5.02813,3.93675,5.02538,1.19627,146.924,575.528,481.102,50.4399,197.582,165.165,50.036,0.0196,0.0163843,13.2749,0.0052,0.00434685,0.0,Zn4H56C96N8O16,180
XAJQAC,8.58743,7.41664,8.58347,0.885082,738.25,2092.42,2364.09,0.0,0.0,0.0,566.632,0.1606,0.181452,0.0,0.0,0.0,0.0,In4H44C88O20,156
XAMHEA,9.0593,7.3957,8.92663,0.731602,1195.4,2354.78,3218.66,0.0,0.0,0.0,1132.06,0.223,0.304811,0.0,0.0,0.0,0.0,Zn8H64C92O34,198
XAXQEU,4.2322,3.21043,4.22385,1.72079,0.0,0.0,0.0,24.8864,428.421,248.968,0.0,0.0,0.0,4.29856,0.0074,0.00430036,0.0,In2H20C16O10,48
XECBUD,6.78072,5.12599,6.75642,0.991134,289.662,2122.18,2141.16,0.0,0.0,0.0,217.024,0.159,0.160422,0.0,0.0,0.0,2.0,Zn3H18C30N8O8,67
XEDLUN,5.03615,3.51292,5.0361,0.885985,344.724,1418.51,1601.05,0.0,0.0,0.0,94.2912,0.0388,0.0437931,0.0,0.0,0.0,4.0,Ti4H48C72O12,136
XEDPIH,4.84924,3.94171,4.80226,1.78705,156.505,796.274,445.58,0.0,0.0,0.0,53.4606,0.0272,0.0152206,0.0,0.0,0.0,0.0,Zn8H24C40Br8N32,112
XEDPON,7.48304,4.32366,7.48304,1.13521,204.056,1890.28,1665.14,0.0,0.0,0.0,120.041,0.1112,0.0979557,0.0,0.0,0.0,4.0,Zn4H12C20N16,52
XENKIM,7.33298,6.02061,7.33229,0.822036,1196.84,2208.9,2687.1,0.0,0.0,0.0,1071.73,0.1978,0.240622,0.0,0.0,0.0,0.0,Ca8H40C120N8O48,224
XENMIO,4.28482,3.43605,4.26976,1.61453,46.7049,386.947,239.665,37.7911,313.097,193.924,9.17327,0.0076,0.00470725,7.24206,0.006,0.00371625,0.0,Zn5H22C42O20,89
XENMOU,4.29825,3.44611,4.26819,1.60097,46.4806,381.198,238.105,37.2911,305.833,191.03,9.51076,0.0078,0.00487206,7.8037,0.0064,0.00399759,0.0,Zn5H24C42O20,91
XEQGEH,4.49557,3.9493,4.49165,1.14958,237.673,602.215,523.859,0.0946879,0.23992,0.208704,60.7782,0.0154,0.0133963,0.0,0.0,0.0,0.0,Zn4H108C152N20O16,300
XEXLIX,7.04809,6.65056,7.03557,1.241,283.741,1245.4,1003.55,0.0,0.0,0.0,235.121,0.1032,0.0831589,0.0,0.0,0.0,0.0,Zn4H32C76N8O24,144
XEXLOD,7.18877,6.831,7.15894,1.17716,328.154,1366.25,1160.63,0.0,0.0,0.0,311.28,0.1296,0.110095,0.0,0.0,0.0,0.0,Zn4H32C76N8O24,144
XEXLUJ,8.72919,8.14175,8.68787,1.12133,348.576,1382.44,1232.86,0.0,0.0,0.0,399.902,0.1586,0.141439,0.0,0.0,0.0,0.0,Zn4H32C76N8O24,144
XEXMEU,9.62722,8.85338,9.62722,1.05458,377.164,1406.78,1333.97,0.0,0.0,0.0,518.514,0.1934,0.183391,0.0,0.0,0.0,0.0,Zn4H32C76N8O24,144
XIDBUJ,7.40475,6.25511,7.40475,1.09542,318.067,1360.1,1241.62,0.0,0.0,0.0,220.292,0.0942,0.0859944,0.0,0.0,0.0,0.0,Zn4H40C68N12O16,140
XILDUT,5.33112,3.97403,5.33043,1.32579,403.844,1433.68,1081.38,0.0,0.0,0.0,155.489,0.0552,0.0416357,0.0,0.0,0.0,8.0,Na4Zn4H4C52Cl24O26,114
XIMPOA,3.66828,2.99963,3.64614,1.45457,0.0,0.0,0.0,38.985,102.185,70.2509,0.0,0.0,0.0,1.52605,0.0004,0.000274995,0.0,Zn8H128C144N32O32,344
XINFUW,6.65291,5.08872,6.45934,0.841018,1010.04,2786.18,3312.87,0.0,0.0,0.0,688.056,0.1898,0.225679,0.0,0.0,0.0,4.0,Zn8H32C64O32,136
XINWUO,6.28388,4.28799,6.2795,1.09832,413.128,2316.09,2108.75,0.0,0.0,0.0,211.551,0.1186,0.107983,0.0,0.0,0.0,8.0,Zn8H32C24N24,88
XISVUR,5.04407,3.94718,5.0182,1.1747,753.294,1695.16,1443.06,0.0,0.0,0.0,222.189,0.05,0.0425641,0.0,0.0,0.0,8.0,Zn16H48C96O56,216
XOHLEM,5.52611,4.54089,5.51535,1.339,311.809,1817.25,1357.17,0.0,0.0,0.0,133.492,0.0778,0.058103,0.0,0.0,0.0,4.0,Zn8H12C36O26,82
XOHLEM01,5.52611,4.54089,5.51535,1.339,311.809,1817.25,1357.17,0.0,0.0,0.0,133.492,0.0778,0.058103,0.0,0.0,0.0,4.0,Zn8H12C36O26,82
XOKHAH,3.76094,3.05778,3.73213,1.56619,0.0,0.0,0.0,29.9675,58.4801,37.3392,0.0,0.0,0.0,1.02488,0.0002,0.000127699,0.0,Zn16H104C192N16O72,400
XOQXEH,5.17553,3.13265,4.94244,1.52455,0.0,0.0,0.0,146.686,459.866,301.641,0.0,0.0,0.0,28.0699,0.0088,0.00577221,4.0,Zn8H48C102O28F36,222
XOVVEK,4.5587,3.32854,4.54868,1.59784,92.6405,585.482,366.421,0.0,0.0,0.0,25.6332,0.0162,0.0101387,0.0,0.0,0.0,1.0,Zn7H28C44N18O16,113
XOVVIO,4.51219,3.10979,4.50726,1.65182,0.0,0.0,0.0,58.9725,369.753,223.846,0.0,0.0,0.0,8.61255,0.0054,0.00326912,1.0,Zn7H28C44N18O20,117
XOVVOU,6.57595,5.59779,6.54684,1.07267,515.886,2242.88,2090.93,0.0,0.0,0.0,263.132,0.1144,0.10665,0.0,0.0,0.0,4.0,Zn8H22C32N26O12,100
XUGSEY,7.45351,5.81909,7.11831,0.709523,934.975,2585.28,3643.68,0.0,0.0,0.0,867.969,0.24,0.338255,0.0,0.0,0.0,1.0,Zn3H34C76N6O8F10,137
XUNJEW,7.72147,4.21232,7.45914,1.34841,674.798,1314.82,975.09,0.0,0.0,0.0,398.263,0.0776,0.0575494,0.0,0.0,0.0,0.0,Zn18H108C108N72O36,342
XUVHEB,6.21978,5.41115,6.21978,1.07724,907.763,1372.07,1273.69,0.0,0.0,0.0,568.978,0.086,0.0798338,0.0,0.0,0.0,0.0,Zn12H128C208N8O48,404
XUWVEQ,3.87598,2.7861,3.60167,2.31699,0.0,0.0,0.0,8.32577,161.616,69.7525,0.0,0.0,0.0,0.721219,0.0014,0.000604231,2.0,Ga4P4C4O12F4,28
XUYXAR,4.42154,3.80283,4.41516,1.51094,158.076,586.426,388.12,0.0,0.0,0.0,28.0341,0.0104,0.00688313,0.0,0.0,0.0,0.0,Zn8H56C104N8O32,208
YARFII,5.60638,3.64289,5.59874,1.03932,381.739,1276.88,1228.56,0.0,0.0,0.0,129.152,0.0432,0.0415655,0.0,0.0,0.0,0.0,Zn4H72C88N16O16,196
YARGAB,10.70302,9.67182,10.70302,0.961173,478.025,1376.77,1432.38,0.0,0.0,0.0,813.162,0.2342,0.243661,0.0,0.0,0.0,6.0,Zn6H48C96O26,176
YARKAF,4.78127,3.38887,4.78127,1.32951,156.703,418.571,314.832,1.12712,3.01065,2.26449,33.6939,0.009,0.00676944,0.0,0.0,0.0,4.0,Zn8H96C136N12O36,288
YARKEJ,5.09087,4.02557,5.06345,1.22095,198.524,867.336,710.38,0.0,0.0,0.0,46.2357,0.0202,0.0165446,0.0,0.0,0.0,0.0,Zn4H60C80N8O18,170
YARSAN,5.04398,3.94641,5.02513,1.29452,332.404,842.033,650.46,0.0,0.0,0.0,111.323,0.0282,0.0217841,0.0,0.0,0.0,0.0,Zn8H88C144N16O32,288
YASPEP,3.57848,3.19398,3.5679,1.30047,0.0,0.0,0.0,14.7033,65.16,50.1048,0.0,0.0,0.0,0.0,0.0,0.0,0.0,Zn4H80C88N8O16,196
YAXBOP,6.02704,5.79348,6.02704,1.12517,105.543,1515.41,1346.83,0.0,0.0,0.0,70.343,0.101,0.0897643,0.0,0.0,0.0,0.0,Fe2H8C16O10,36
YAZFOW,7.43679,7.30177,7.43679,1.31238,248.662,1665.85,1269.34,0.0,0.0,0.0,244.206,0.1636,0.124659,0.0,0.0,0.0,0.0,In4H16C32O20,72
YECQUS02,4.04228,3.54341,4.04176,2.21305,90.2006,468.529,211.711,0.0,0.0,0.0,10.396,0.0054,0.00244007,0.0,0.0,0.0,0.0,Zn16P16O64,96
YEGKOM,5.20851,4.05507,5.20188,1.12752,259.656,1903.67,1688.37,0.0,0.0,0.0,82.9295,0.0608,0.0539235,0.0,0.0,0.0,0.0,Zn4H24C16N32,76
YEKXET,6.4533,5.02363,5.80415,0.985188,1195.04,2300.23,2334.82,0.0,0.0,0.0,802.153,0.1544,0.156721,0.0,0.0,0.0,0.0,Zn12H56C104N16O48,236
YEZFIU,7.76134,3.87237,7.76134,1.15876,365.147,1552.33,1339.65,0.0,0.0,0.0,239.929,0.102,0.0880249,0.0,0.0,0.0,0.0,Zn6H48C36N48O6,144
YIKLUZ,3.81518,2.68861,3.8056,1.73294,0.0,0.0,0.0,16.6671,102.369,59.0723,0.0,0.0,0.0,0.976888,0.0006,0.000346232,0.0,Zn8P8C24O40,80
YILJAG,9.10869,5.99614,8.54669,0.787709,817.606,2370.29,3009.09,0.0,0.0,0.0,814.056,0.236,0.299603,0.0,0.0,0.0,0.0,Zn8H56C56N16O10,146
YUBFOR,8.69265,4.94745,8.69265,1.19814,193.187,1438.48,1200.59,0.0,0.0,0.0,165.725,0.1234,0.102993,0.0,0.0,0.0,6.0,Zn6H36C24N18,84
YUKBIP01,5.75762,4.94698,5.75762,1.54223,92.7089,640.687,415.428,0.0,0.0,0.0,46.0153,0.0318,0.0206195,0.0,0.0,0.0,0.0,Al8P12H36C12O36,104
YUSGID,4.4966,3.71515,4.45873,1.44519,115.343,743.236,514.283,0.0,0.0,0.0,21.4162,0.0138,0.00954892,0.0,0.0,0.0,0.0,Zn4H40C56S2N4O16,122
YUWHOO,2.93097,2.50635,2.93091,1.68156,0.0,0.0,0.0,0.0,0.0,0.0,0.0,0.0,0.0,0.0,0.0,0.0,0.0,Ga4H42C42N28,116
ZARZAV,5.22384,3.95101,5.21614,1.32405,217.53,892.772,674.272,0.0,0.0,0.0,74.5591,0.0306,0.0231109,0.0,0.0,0.0,0.0,Zn4H48C80N8O16F16,172
ZEDHIB,4.96253,3.33867,4.45559,1.37217,298.881,830.293,605.095,0.0,0.0,0.0,64.7948,0.018,0.0131179,0.0,0.0,0.0,4.0,Zn12H84C108N12O40,256
ZEDROR,5.08255,3.56751,5.06998,1.24486,380.305,1074.59,863.217,0.0,0.0,0.0,63.7034,0.018,0.0144594,0.0,0.0,0.0,0.0,Zn8H96C108N16O32,260
ZERQOE,4.4965,4.02903,4.49472,1.56535,60.0321,410.846,262.462,0.0,0.0,0.0,14.0274,0.0096,0.0061328,0.0,0.0,0.0,0.0,Ca4H32C56S4O24,120
ZESFUY,9.58879,8.12099,9.5611,0.865768,175.184,1757.02,2029.44,0.0,0.0,0.0,220.348,0.221,0.255265,0.0,0.0,0.0,0.0,Zn1Si1H16C20N4F6,48
ZIDDIB,4.55863,2.41066,4.54778,1.91164,0.0,0.0,0.0,113.167,224.636,117.51,0.0,0.0,0.0,24.1814,0.0048,0.00251094,0.0,In16H72C168N24O96,376
ZIF-1,6.5027,2.19055,6.5027,1.2071,0.0,0.0,0.0,201.06,915.626,758.532,0.0,0.0,0.0,126.921,0.0578,0.0478832,0.0,Zn8H48C48N32,136
ZIF-2,6.4229,5.28654,6.4229,0.928973,1118.24,1959.55,2109.37,0.0,0.0,0.0,762.404,0.1336,0.143815,0.0,0.0,0.0,0.0,Zn16H96C96N64,272
ZIF-3,8.47376,5.69377,8.47376,0.880009,1246.88,2069.8,2352.03,0.0,0.0,0.0,934.946,0.1552,0.176362,0.0,0.0,0.0,0.0,Zn16H96C96N64,272
ZIF-4,5.19108,2.48543,4.80336,1.22088,0.0,0.0,0.0,307.414,707.969,579.885,0.0,0.0,0.0,90.3177,0.0208,0.0170369,0.0,Zn16H96C96N64,272
ZIF-5,3.87741,2.16527,3.86853,1.54336,0.0,0.0,0.0,93.9215,177.331,114.9,0.0,0.0,0.0,14.8299,0.0028,0.00181423,0.0,Zn12In8H144C144N96,404
ZIF-6,9.51839,5.74397,9.10127,0.763865,1540.24,2219.33,2905.4,0.0,0.0,0.0,1701.71,0.2452,0.320999,0.0,0.0,0.0,0.0,Zn16H96C96N64,272
ZIF-7,5.60159,2.39994,5.60159,1.24145,0.0,0.0,0.0,125.011,519.83,418.728,0.0,0.0,0.0,33.187,0.0138,0.011116,0.0,Zn6H60C84N24,174
ZIF-77,5.04877,3.98778,4.84113,1.55277,310.531,1002.94,645.905,0.0,0.0,0.0,84.2169,0.0272,0.0175171,0.0,0.0,0.0,0.0,Zn10H40C60N60O40,210
ZIF-8,11.38754,3.42716,11.3792,0.924526,725.422,1478.88,1599.61,0.0,0.0,0.0,956.514,0.195,0.210919,0.0,0.0,0.0,0.0,Zn12H120C96N48,276
ZIF-90,11.02364,3.49366,11.02364,0.98837,809.651,1571.48,1589.97,0.0,0.0,0.0,992.308,0.1926,0.194866,0.0,0.0,0.0,0.0,Zn12H72C96N48O24,252
ZNGLUD,3.19455,2.66271,3.17912,1.65404,0.0,0.0,0.0,0.0,0.0,0.0,0.0,0.0,0.0,0.0,0.0,0.0,4.0,Zn4H28C20N4O16,72
ZNGLUD01,3.16473,2.59565,3.12072,1.68506,0.0,0.0,0.0,0.0,0.0,0.0,0.0,0.0,0.0,0.0,0.0,0.0,4.0,Zn4H28C20N4O16,72
Zn-DOBDC,11.71732,10.90932,11.71732,1.21946,213.52,1608.85,1319.31,0.0,0.0,0.0,402.925,0.3036,0.248962,0.0,0.0,0.0,6.0,Zn6H6C24O18,54
ZnBDC,6.21962,4.91955,6.21962,1.208,187.741,1487.73,1231.56,0.0,0.0,0.0,123.922,0.0982,0.0812914,0.0,0.0,0.0,4.0,Zn4H16C32O16,68
ZnBDCdabco,9.35639,7.5759,9.11637,0.82648,233.348,2033.33,2460.23,0.0,0.0,0.0,263.263,0.2294,0.277563,0.0,0.0,0.0,0.0,Zn2H20C22N2O8,54
ZnHBDC,9.54884,7.69489,9.54884,0.866753,377.978,1770.59,2042.79,0.0,0.0,0.0,503.803,0.236,0.272281,0.0,0.0,0.0,0.0,Zn4H32C40N6O16,98
ZnMOF-74,11.92244,11.08667,11.92244,1.17859,223.254,1625.82,1379.46,0.0,0.0,0.0,435.297,0.317,0.268965,0.0,0.0,0.0,6.0,Zn6H6C24O18,54
